timestamp,channel,target_name,target_url,segment,status,note_length,evidence,next_action
2026-07-05,linkedin,Alexander Yan,https://www.linkedin.com/in/alexander-yan-64766b227/,broker_api,sent_clicked,198,custom invite send button clicked and modal closed without explicit toast,wait for accept
2026-07-05,linkedin,John Harper,https://www.linkedin.com/in/john-harper-787898164/,broker_api,sent_clicked,168,custom invite send button clicked and modal closed without explicit toast,wait for accept
2026-07-05,linkedin,Rethesh George,https://www.linkedin.com/in/retheshgeorge/,tradingview_webhook,blocked_needs_email,171,LinkedIn required recipient email before enabling send,skip or find verified email
2026-07-05,linkedin,Hannah Jenkins,https://www.linkedin.com/in/hannah-jenkins-85bb12189/,tradingview_webhook,sent_clicked,170,custom invite send button clicked and modal closed without explicit toast,wait for accept
2026-07-05,linkedin,Richard Clarke,https://www.linkedin.com/in/clarkerichard/,broker_api,sent_clicked,171,custom invite send button clicked and modal closed without explicit toast,wait for accept
2026-07-07,linkedin,Alexander Yan,https://www.linkedin.com/in/alexander-yan-64766b227/,broker_api,followup_sent,555,LinkedIn thread recipient chip confirmed and Brief link preview visible after send,wait for reply or submitted Brief
2026-07-07,linkedin,Richard Clarke,https://www.linkedin.com/in/clarkerichard/,broker_api,followup_sent,555,LinkedIn scoped thread confirmed Brief link visible after send,wait for reply or submitted Brief
2026-07-10,linkedin,"Patrick Camuso, CPA",https://www.linkedin.com/in/patrickcamuso/,crypto_accounting_referral,observed_pending,,LinkedIn sent-invitations list showed 2 weeks pending and displayed the crypto accounting handoff note; original exact send date is absent from the local ledger,wait for accept; do not resend
2026-07-10,linkedin,"Ashley Papa, MBA, CTFA",https://www.linkedin.com/in/ashleypapa/,wealth_advisor,observed_pending,,LinkedIn sent-invitations list showed 2 weeks pending and displayed the crypto reporting and reconciliation note; original exact send date is absent from the local ledger,wait for accept; do not resend
2026-07-10,linkedin,Hu Kenneth,https://www.linkedin.com/in/hukenneth/,crypto_asset_reporting,message_sent,170,LinkedIn free-message thread showed Yang Feng sent the no-link message at 21:21; personalized invitation quota was 0,wait for reply; no follow-up before 2026-07-17
2026-07-11,linkedin,Hu Kenneth,https://www.linkedin.com/in/hukenneth/,crypto_asset_reporting,followup_sent,162,Inbound connection invitation accepted; Hu profile showed 1st-degree/messageable; LinkedIn thread showed 09:33 no-link qualification reply visible,wait for reply with reporting/reconciliation pain detail
2026-07-12,linkedin,Hu Kenneth,https://www.linkedin.com/in/hukenneth/,crypto_asset_reporting,acknowledged_decline,27,"LinkedIn thread showed Hu replied 2026-07-11 19:01 ""No, we don’t need it""; acknowledgment visible at 2026-07-12 09:32",closed unqualified; no further outreach unless Hu reopens thread
2026-07-14,linkedin,Alexander Yan,https://www.linkedin.com/in/alexander-yan-64766b227/,broker_api,observed_no_reply,,LinkedIn inbox list showed 2026-07-07 outbound follow-up as latest visible item with no unread indicator,wait for reply or submitted Brief
2026-07-14,linkedin,Richard Clarke,https://www.linkedin.com/in/clarkerichard/,broker_api,observed_no_reply,,LinkedIn inbox list showed 2026-07-07 outbound follow-up as latest visible item with no unread indicator,wait for reply or submitted Brief
2026-07-14,linkedin,Hu Kenneth,https://www.linkedin.com/in/hukenneth/,crypto_asset_reporting,observed_closed,,LinkedIn inbox list showed 2026-07-12 outbound acknowledgment as latest visible item with no unread indicator,closed unqualified; no further outreach unless Hu reopens thread
2026-07-14,linkedin,Hannah Jenkins,https://www.linkedin.com/in/hannah-jenkins-85bb12189/,tradingview_webhook,observed_pending,,LinkedIn sent-invitations list showed 1 week pending with original note visible,wait for accept; do not resend
2026-07-14,linkedin,John Harper,https://www.linkedin.com/in/john-harper-787898164/,broker_api,observed_pending,,LinkedIn sent-invitations list showed 1 week pending with original note visible,wait for accept; do not resend
2026-07-14,linkedin,"Patrick Camuso, CPA",https://www.linkedin.com/in/patrickcamuso/,crypto_accounting_referral,observed_pending,,LinkedIn sent-invitations list showed 3 weeks pending with crypto accounting handoff note visible,wait for accept; do not resend
2026-07-14,linkedin,"Ashley Papa, MBA, CTFA",https://www.linkedin.com/in/ashleypapa/,wealth_advisor,observed_pending,,LinkedIn sent-invitations list showed 3 weeks pending with crypto reporting and reconciliation note visible,wait for accept; do not resend
2026-07-14,linkedin,LinkedIn received invitations,https://www.linkedin.com/mynetwork/invitation-manager/received/,account_check,observed_none,,Received invitations page showed `全部 (0)` and recommendation cards only,no action
2026-07-14,linkedin,SignalCraft Labs company page,https://www.linkedin.com/company/133375131/admin/dashboard/,company_page_check,observed_no_inbound,,Admin dashboard showed 1 follower; 1 new follower; 344 post impressions; 1 company page visitor; 1 search analytics; quick-promote prompts only,no paid ads; monitor inbox and activity
2026-07-14,linkedin,SignalCraft Labs company inbox,https://www.linkedin.com/company/133375131/admin/inbox/,company_page_check,observed_empty,,Company inbox showed `无消息`; company activity showed no comments mentions reactions reposts or analytics alerts,no action
2026-07-14,linkedin,LinkedIn account security,https://www.linkedin.com/mypreferences/d/categories/sign-in-and-security,account_check,observed_normal,,Login and security page showed email account access options and two-step verification on; no visible restriction CAPTCHA OTP or identity-verification blocker,no action
2026-07-14,linkedin,Saloni Tolia,https://www.linkedin.com/in/saloni-tolia/,crypto_accounting_reconciliation,blocked_personalized_quota_0,137,Profile showed 2nd-degree connect available and crypto financial operations / hedge fund accounting / daily crypto trade reconciliations; invite dialog showed `本月剩余 0 封个性化邀请` and disabled send button,wait for personalized-note quota reset; do not send generic invite
2026-07-15,linkedin,Alexander Yan,https://www.linkedin.com/in/alexander-yan-64766b227/,broker_api,observed_no_reply,,LinkedIn messaging list showed 2026-07-07 outbound follow-up as latest visible item with no unread indicator,wait for reply or submitted Brief
2026-07-15,linkedin,Richard Clarke,https://www.linkedin.com/in/clarkerichard/,broker_api,observed_no_reply,,LinkedIn messaging list showed 2026-07-07 outbound follow-up as latest visible item with no unread indicator,wait for reply or submitted Brief
2026-07-15,linkedin,Hu Kenneth,https://www.linkedin.com/in/hukenneth/,crypto_asset_reporting,observed_closed,,LinkedIn active thread still showed Hu decline and the 2026-07-12 acknowledgment as latest action,closed unqualified; no further outreach unless Hu reopens thread
2026-07-15,linkedin,Hannah Jenkins,https://www.linkedin.com/in/hannah-jenkins-85bb12189/,tradingview_webhook,observed_pending,,LinkedIn sent-invitations page showed pending at 1 week with original note visible,wait for accept; do not resend
2026-07-15,linkedin,John Harper,https://www.linkedin.com/in/john-harper-787898164/,broker_api,observed_pending,,LinkedIn sent-invitations page showed pending at 1 week with original note visible,wait for accept; do not resend
2026-07-15,linkedin,"Patrick Camuso, CPA",https://www.linkedin.com/in/patrickcamuso/,crypto_accounting_referral,observed_pending,,LinkedIn sent-invitations page showed pending at 3 weeks with crypto accounting handoff note visible,wait for accept; do not resend
2026-07-15,linkedin,"Ashley Papa, MBA, CTFA",https://www.linkedin.com/in/ashleypapa/,wealth_advisor,observed_pending,,LinkedIn sent-invitations page showed pending at 3 weeks with crypto reporting and reconciliation note visible,wait for accept; do not resend
2026-07-15,linkedin,LinkedIn received invitations,https://www.linkedin.com/mynetwork/invitation-manager/received/,account_check,observed_none,,Received invitations page showed `全部 (0)` and recommendation cards only,no action
2026-07-15,linkedin,LinkedIn notifications,https://www.linkedin.com/notifications/,account_check,observed_no_qualified_inbound,,Notifications showed ordinary post/comment/job/profile analytics activity including Richard Clarke comment activity and a Hu Kenneth post; no qualified inquiry or message,no action
2026-07-15,linkedin,SignalCraft Labs company page,https://www.linkedin.com/company/133375131/admin/dashboard/,company_page_check,observed_no_inbound,,Admin dashboard showed 1 follower; 1 new follower; 270 post impressions; 1 company page visitor; 3 search analytics; quick-promote prompts only,no paid ads; monitor inbox and activity
2026-07-15,linkedin,SignalCraft Labs company inbox,https://www.linkedin.com/company/133375131/admin/inbox/,company_page_check,observed_empty,,Company inbox showed `无消息`,no action
2026-07-15,linkedin,SignalCraft Labs company activity,https://www.linkedin.com/company/133375131/admin/notifications/all/,company_page_check,observed_empty,,Company activity page showed no page comments mentions reactions reposts or analytics alerts,no action
2026-07-15,linkedin,LinkedIn account security,https://www.linkedin.com/mypreferences/d/categories/sign-in-and-security,account_check,observed_normal,,Login and security page showed normal account access options and two-step verification on; no visible restriction CAPTCHA OTP or identity-verification blocker,no action
2026-07-16,linkedin,Alexander Yan,https://www.linkedin.com/in/alexander-yan-64766b227/,broker_api,observed_no_reply,,LinkedIn messaging list showed 2026-07-07 outbound follow-up as latest visible item with no unread indicator,wait for reply or submitted Brief
2026-07-16,linkedin,Richard Clarke,https://www.linkedin.com/in/clarkerichard/,broker_api,observed_no_reply,,LinkedIn messaging list showed 2026-07-07 outbound follow-up as latest visible item with no unread indicator,wait for reply or submitted Brief
2026-07-16,linkedin,Hu Kenneth,https://www.linkedin.com/in/hukenneth/,crypto_asset_reporting,observed_closed,,LinkedIn active thread still showed Hu decline and the 2026-07-12 acknowledgment as latest action,closed unqualified; no further outreach unless Hu reopens thread
2026-07-16,linkedin,Hannah Jenkins,https://www.linkedin.com/in/hannah-jenkins-85bb12189/,tradingview_webhook,observed_pending,,LinkedIn sent-invitations page showed pending at 1 week with original note visible,wait for accept; do not resend
2026-07-16,linkedin,John Harper,https://www.linkedin.com/in/john-harper-787898164/,broker_api,observed_pending,,LinkedIn sent-invitations page showed pending at 1 week with original note visible,wait for accept; do not resend
2026-07-16,linkedin,"Patrick Camuso, CPA",https://www.linkedin.com/in/patrickcamuso/,crypto_accounting_referral,observed_pending,,LinkedIn sent-invitations page showed pending at 3 weeks with crypto accounting handoff note visible,wait for accept; do not resend
2026-07-16,linkedin,"Ashley Papa, MBA, CTFA",https://www.linkedin.com/in/ashleypapa/,wealth_advisor,observed_pending,,LinkedIn sent-invitations page showed pending at 3 weeks with crypto reporting and reconciliation note visible,wait for accept; do not resend
2026-07-16,linkedin,LinkedIn received invitations,https://www.linkedin.com/mynetwork/invitation-manager/received/,account_check,observed_none,,Received invitations page showed `全部 (0)` and recommendation cards only,no action
2026-07-16,linkedin,LinkedIn notifications,https://www.linkedin.com/notifications/,account_check,observed_no_qualified_inbound,,Notifications showed ordinary search-analytics suggested-connection job post and profile activity including SignalCraft Labs search appearance Richard Clarke comment activity and a Hu Kenneth post; no qualified inquiry or message,no action
2026-07-16,linkedin,SignalCraft Labs company page,https://www.linkedin.com/company/133375131/admin/dashboard/,company_page_check,observed_no_inbound,,Admin dashboard showed 1 follower; 0 new followers; 215 post impressions; 1 company page visitor; 3 search analytics; quick-promote prompts only,no paid ads; monitor inbox and activity
2026-07-16,linkedin,SignalCraft Labs company inbox,https://www.linkedin.com/company/133375131/admin/inbox/,company_page_check,observed_empty,,Company inbox showed `无消息`,no action
2026-07-16,linkedin,SignalCraft Labs company activity,https://www.linkedin.com/company/133375131/admin/notifications/all/,company_page_check,observed_empty,,Company activity page showed no page comments mentions reactions reposts or analytics alerts,no action
2026-07-16,linkedin,LinkedIn account security,https://www.linkedin.com/mypreferences/d/categories/sign-in-and-security,account_check,observed_normal,,Login and security page showed normal account access options and two-step verification on; no visible restriction CAPTCHA OTP or identity-verification blocker,no action
2026-07-16,linkedin,Saloni Tolia,https://www.linkedin.com/in/saloni-tolia/,crypto_accounting_reconciliation,blocked_personalized_quota_0,0,"Profile showed 2nd-degree connect available and visible crypto financial operations / hot wallets / crypto exchanges / daily crypto trade reconciliations; invite note dialog showed `本月剩余 0 封个性化邀请`, `0/200`, and disabled `发送邀请`",wait for personalized-note quota reset; do not send generic invite
2026-07-17,linkedin,Alexander Yan,https://www.linkedin.com/in/alexander-yan-64766b227/,broker_api,observed_no_reply,,LinkedIn messaging list showed 2026-07-07 outbound follow-up as latest visible item with no unread indicator,wait for reply or submitted Brief
2026-07-17,linkedin,Richard Clarke,https://www.linkedin.com/in/clarkerichard/,broker_api,observed_no_reply,,LinkedIn messaging list showed 2026-07-07 outbound follow-up as latest visible item with no unread indicator,wait for reply or submitted Brief
2026-07-17,linkedin,Hu Kenneth,https://www.linkedin.com/in/hukenneth/,crypto_asset_reporting,observed_closed,,LinkedIn active thread still showed Hu decline and the 2026-07-12 acknowledgment as latest action,closed unqualified; no further outreach unless Hu reopens thread
2026-07-17,linkedin,Hannah Jenkins,https://www.linkedin.com/in/hannah-jenkins-85bb12189/,tradingview_webhook,observed_pending,,LinkedIn sent-invitations page showed pending at 1 week with original note visible,wait for accept; do not resend
2026-07-17,linkedin,John Harper,https://www.linkedin.com/in/john-harper-787898164/,broker_api,observed_pending,,LinkedIn sent-invitations page showed pending at 1 week with original note visible,wait for accept; do not resend
2026-07-17,linkedin,"Patrick Camuso, CPA",https://www.linkedin.com/in/patrickcamuso/,crypto_accounting_referral,observed_pending,,LinkedIn sent-invitations page showed pending at 3 weeks with crypto accounting handoff note visible,wait for accept; do not resend
2026-07-17,linkedin,"Ashley Papa, MBA, CTFA",https://www.linkedin.com/in/ashleypapa/,wealth_advisor,observed_pending,,LinkedIn sent-invitations page showed pending at 3 weeks with crypto reporting and reconciliation note visible,wait for accept; do not resend
2026-07-17,linkedin,LinkedIn received invitations,https://www.linkedin.com/mynetwork/invitation-manager/received/,account_check,observed_none,,Received invitations page showed `全部 (0)` and recommendation cards only,no action
2026-07-17,linkedin,LinkedIn notifications,https://www.linkedin.com/notifications/,account_check,observed_no_qualified_inbound,,Notifications showed ordinary jobs profile/search analytics SignalCraft Labs post/search analytics and network-post activity from Patrick Camuso CPA and Richard Clarke; no qualified inquiry or message,no action
2026-07-17,linkedin,SignalCraft Labs company page,https://www.linkedin.com/company/133375131/admin/dashboard/,company_page_check,observed_no_inbound,,Admin dashboard showed 1 follower; 0 new followers; 160 post impressions; 1 company page visitor; 6 search analytics; quick-promote prompts only,no paid ads; monitor inbox and activity
2026-07-17,linkedin,SignalCraft Labs company inbox,https://www.linkedin.com/company/133375131/admin/inbox/,company_page_check,observed_empty,,Company inbox showed `无消息`,no action
2026-07-17,linkedin,SignalCraft Labs company activity,https://www.linkedin.com/company/133375131/admin/notifications/all/,company_page_check,observed_empty,,Company activity page showed no page comments mentions reactions reposts or analytics alerts,no action
2026-07-17,linkedin,LinkedIn account security,https://www.linkedin.com/mypreferences/d/categories/sign-in-and-security,account_check,observed_normal,,Login and security page showed normal account access options and two-step verification on; no visible restriction CAPTCHA OTP or identity-verification blocker,no action
2026-07-17,linkedin,LinkedIn weekly operating review,https://www.linkedin.com/company/133375131/admin/analytics/updates,weekly_review,observed_weekly_results,,"Chrome live review found no new qualified replies or booked conversations; sent invitations remained 4 pending and received invitations remained 0; company analytics for 2026-07-09 through 2026-07-15 showed 160 organic impressions, 0 ad impressions, 0 reactions, 0 comments, 0 reposts, 5 page views, 1 unique visitor, and 0 custom-button clicks; July 15 post showed 41 impressions and 0 clicks/reactions/comments/reposts; no paid actions taken",pause new outreach until accepted invite/reply or personalized-note quota reset; keep crypto reporting lane
2026-07-18,linkedin,Alexander Yan,https://www.linkedin.com/in/alexander-yan-64766b227/,broker_api,observed_no_reply,,LinkedIn messaging list showed 2026-07-07 outbound follow-up as latest visible item with no unread indicator,wait for reply or submitted Brief
2026-07-18,linkedin,Richard Clarke,https://www.linkedin.com/in/clarkerichard/,broker_api,observed_no_reply,,LinkedIn messaging list showed 2026-07-07 outbound follow-up as latest visible item with no unread indicator,wait for reply or submitted Brief
2026-07-18,linkedin,Hu Kenneth,https://www.linkedin.com/in/hukenneth/,crypto_asset_reporting,observed_closed,,LinkedIn active thread still showed Hu decline and the 2026-07-12 acknowledgment as latest action,closed unqualified; no further outreach unless Hu reopens thread
2026-07-18,linkedin,Hannah Jenkins,https://www.linkedin.com/in/hannah-jenkins-85bb12189/,tradingview_webhook,observed_pending,,LinkedIn sent-invitations page showed pending at 1 week with original note visible,wait for accept; do not resend
2026-07-18,linkedin,John Harper,https://www.linkedin.com/in/john-harper-787898164/,broker_api,observed_pending,,LinkedIn sent-invitations page showed pending at 1 week with original note visible,wait for accept; do not resend
2026-07-18,linkedin,"Patrick Camuso, CPA",https://www.linkedin.com/in/patrickcamuso/,crypto_accounting_referral,observed_pending,,LinkedIn sent-invitations page showed pending at 3 weeks with crypto accounting handoff note visible,wait for accept; do not resend
2026-07-18,linkedin,"Ashley Papa, MBA, CTFA",https://www.linkedin.com/in/ashleypapa/,wealth_advisor,observed_pending,,LinkedIn sent-invitations page showed pending at 3 weeks with crypto reporting and reconciliation note visible,wait for accept; do not resend
2026-07-18,linkedin,LinkedIn received invitations,https://www.linkedin.com/mynetwork/invitation-manager/received/,account_check,observed_none,,Received invitations page showed `全部 (0)` and recommendation cards only,no action
2026-07-18,linkedin,LinkedIn notifications,https://www.linkedin.com/notifications/,account_check,observed_no_qualified_inbound,,Notifications showed ordinary network-post suggested-connection job/post analytics Alexander Yan comment Richard Clarke repost and profile/page activity; no qualified inquiry or message,no action
2026-07-18,linkedin,SignalCraft Labs company page,https://www.linkedin.com/company/133375131/admin/dashboard/,company_page_check,observed_no_inbound,,Admin dashboard showed 1 follower; 0 new followers; 100 post impressions; 1 company page visitor; 6 search analytics; quick-promote prompts only,no paid ads; monitor inbox and activity
2026-07-18,linkedin,SignalCraft Labs company inbox,https://www.linkedin.com/company/133375131/admin/inbox/,company_page_check,observed_empty,,Company inbox showed `无消息`,no action
2026-07-18,linkedin,SignalCraft Labs company activity,https://www.linkedin.com/company/133375131/admin/notifications/all/,company_page_check,observed_empty,,Company activity page showed no page comments mentions reactions reposts or analytics alerts,no action
2026-07-18,linkedin,LinkedIn account security,https://www.linkedin.com/mypreferences/d/categories/sign-in-and-security,account_check,observed_normal,,Login and security page showed normal account access options and two-step verification on; no visible restriction CAPTCHA OTP or identity-verification blocker,no action
2026-07-19,linkedin,Alexander Yan,https://www.linkedin.com/in/alexander-yan-64766b227/,broker_api,observed_no_reply,,LinkedIn messaging list showed 2026-07-07 outbound follow-up as latest visible item with no unread indicator; unread filter showed no unread messages,wait for reply or submitted Brief
2026-07-19,linkedin,Richard Clarke,https://www.linkedin.com/in/clarkerichard/,broker_api,observed_no_reply,,LinkedIn messaging list showed 2026-07-07 outbound follow-up as latest visible item with no unread indicator; notifications showed ordinary repost activity only,wait for reply or submitted Brief
2026-07-19,linkedin,Hu Kenneth,https://www.linkedin.com/in/hukenneth/,crypto_asset_reporting,observed_closed,,LinkedIn active thread still showed Hu decline and the 2026-07-12 acknowledgment as latest action,closed unqualified; no further outreach unless Hu reopens thread
2026-07-19,linkedin,Hannah Jenkins,https://www.linkedin.com/in/hannah-jenkins-85bb12189/,tradingview_webhook,observed_pending,,LinkedIn sent-invitations page showed pending at 1 week with original note visible,wait for accept; do not resend
2026-07-19,linkedin,John Harper,https://www.linkedin.com/in/john-harper-787898164/,broker_api,observed_pending,,LinkedIn sent-invitations page showed pending at 1 week with original note visible,wait for accept; do not resend
2026-07-19,linkedin,"Patrick Camuso, CPA",https://www.linkedin.com/in/patrickcamuso/,crypto_accounting_referral,observed_pending,,LinkedIn sent-invitations page showed pending at 1 month with crypto accounting handoff note visible,wait for accept; do not resend
2026-07-19,linkedin,"Ashley Papa, MBA, CTFA",https://www.linkedin.com/in/ashleypapa/,wealth_advisor,observed_pending,,LinkedIn sent-invitations page showed pending at 1 month with crypto reporting and reconciliation note visible,wait for accept; do not resend
2026-07-19,linkedin,LinkedIn received invitations,https://www.linkedin.com/mynetwork/invitation-manager/received/,account_check,observed_none,,Received invitations page showed `全部 (0)` and recommendation cards only,no action
2026-07-19,linkedin,LinkedIn notifications,https://www.linkedin.com/notifications/,account_check,observed_no_qualified_inbound,,Notifications showed ordinary network job and post activity including Richard Clarke repost activity; no qualified inquiry or message,no action
2026-07-19,linkedin,SignalCraft Labs company page,https://www.linkedin.com/company/133375131/admin/dashboard/,company_page_check,observed_no_inbound,,Admin dashboard showed 1 follower; 0 new followers; 57 post impressions; 0 company page visitors; 6 search analytics; quick-promote prompts only,no paid ads; monitor inbox and activity
2026-07-19,linkedin,SignalCraft Labs company inbox,https://www.linkedin.com/company/133375131/admin/inbox/,company_page_check,observed_empty,,Company inbox showed `无消息`,no action
2026-07-19,linkedin,SignalCraft Labs company activity,https://www.linkedin.com/company/133375131/admin/notifications/all/,company_page_check,observed_empty,,Company activity page showed no page comments mentions reactions reposts or analytics alerts,no action
2026-07-19,linkedin,LinkedIn account security,https://www.linkedin.com/mypreferences/d/categories/sign-in-and-security,account_check,observed_normal,,Login and security page showed normal account access options and two-step verification on; no visible restriction CAPTCHA OTP or identity-verification blocker,no action
2026-07-20,linkedin,LinkedIn unread messages,https://www.linkedin.com/messaging/?filter=unread,account_check,observed_none,,LinkedIn unread-message filter showed `无unread消息` and `No messages...yet!`,no action
2026-07-20,linkedin,Alexander Yan,https://www.linkedin.com/in/alexander-yan-64766b227/,broker_api,observed_no_reply,,LinkedIn messaging list showed 2026-07-07 outbound follow-up as latest visible item with no unread indicator; unread filter showed no unread messages,wait for reply or submitted Brief
2026-07-20,linkedin,Richard Clarke,https://www.linkedin.com/in/clarkerichard/,broker_api,observed_no_reply,,LinkedIn messaging list showed 2026-07-07 outbound follow-up as latest visible item with no unread indicator; unread filter showed no unread messages,wait for reply or submitted Brief
2026-07-20,linkedin,Hu Kenneth,https://www.linkedin.com/in/hukenneth/,crypto_asset_reporting,observed_closed,,LinkedIn active thread/list still showed the 2026-07-12 acknowledgment as latest action with no unread indicator,closed unqualified; no further outreach unless Hu reopens thread
2026-07-20,linkedin,Hannah Jenkins,https://www.linkedin.com/in/hannah-jenkins-85bb12189/,tradingview_webhook,observed_pending,,LinkedIn sent-invitations page showed pending at 2 weeks with original note visible,wait for accept; do not resend
2026-07-20,linkedin,John Harper,https://www.linkedin.com/in/john-harper-787898164/,broker_api,observed_pending,,LinkedIn sent-invitations page showed pending at 2 weeks with original note visible,wait for accept; do not resend
2026-07-20,linkedin,"Patrick Camuso, CPA",https://www.linkedin.com/in/patrickcamuso/,crypto_accounting_referral,observed_pending,,LinkedIn sent-invitations page showed pending at 1 month with crypto accounting handoff note visible,wait for accept; do not resend
2026-07-20,linkedin,"Ashley Papa, MBA, CTFA",https://www.linkedin.com/in/ashleypapa/,wealth_advisor,observed_pending,,LinkedIn sent-invitations page showed pending at 1 month with crypto reporting and reconciliation note visible,wait for accept; do not resend
2026-07-20,linkedin,LinkedIn received invitations,https://www.linkedin.com/mynetwork/invitation-manager/received/,account_check,observed_none,,Received invitations page showed `全部 (0)` and recommendation cards only,no action
2026-07-20,linkedin,LinkedIn notifications,https://www.linkedin.com/notifications/,account_check,observed_no_qualified_inbound,,Notifications showed ordinary suggested-connection and network/post activity including Meng-Sen Huang recommendation and Juliana Chan post activity; no qualified inquiry or message,no action
2026-07-20,linkedin,SignalCraft Labs company page,https://www.linkedin.com/company/133375131/admin/dashboard/,company_page_check,observed_no_inbound,,Admin dashboard showed 1 follower; 0 new followers; 72 post impressions; 0 company page visitors; 6 search analytics; quick-promote prompts only,no paid ads; monitor inbox and activity
2026-07-20,linkedin,SignalCraft Labs company inbox,https://www.linkedin.com/company/133375131/admin/inbox/,company_page_check,observed_empty,,Company inbox showed `无消息`,no action
2026-07-20,linkedin,SignalCraft Labs company activity,https://www.linkedin.com/company/133375131/admin/notifications/all/,company_page_check,observed_empty,,Company activity page showed no page comments mentions reactions reposts or analytics alerts,no action
2026-07-20,linkedin,LinkedIn account security,https://www.linkedin.com/mypreferences/d/categories/sign-in-and-security,account_check,observed_normal,,Login and security page showed normal account access options and two-step verification on; no visible restriction CAPTCHA OTP or identity-verification blocker,no action
2026-07-21,linkedin,LinkedIn unread messages,https://www.linkedin.com/messaging/?filter=unread,account_check,observed_none,,LinkedIn unread-message filter showed `无unread消息` and `No messages...yet!`,no action
2026-07-21,linkedin,Alexander Yan,https://www.linkedin.com/in/alexander-yan-64766b227/,broker_api,observed_no_reply,,LinkedIn messaging list showed 2026-07-07 outbound follow-up as latest visible item with no unread indicator; unread filter showed no unread messages,wait for reply or submitted Brief
2026-07-21,linkedin,Richard Clarke,https://www.linkedin.com/in/clarkerichard/,broker_api,observed_no_reply,,LinkedIn messaging list showed 2026-07-07 outbound follow-up as latest visible item with no unread indicator; notifications showed ordinary comment/repost activity only,wait for reply or submitted Brief
2026-07-21,linkedin,Hu Kenneth,https://www.linkedin.com/in/hukenneth/,crypto_asset_reporting,observed_closed,,LinkedIn active thread/list still showed Hu decline and the 2026-07-12 acknowledgment as latest action with no unread indicator,closed unqualified; no further outreach unless Hu reopens thread
2026-07-21,linkedin,Hannah Jenkins,https://www.linkedin.com/in/hannah-jenkins-85bb12189/,tradingview_webhook,observed_pending,,LinkedIn sent-invitations page showed pending at 2 weeks with original note visible,wait for accept; do not resend
2026-07-21,linkedin,John Harper,https://www.linkedin.com/in/john-harper-787898164/,broker_api,observed_pending,,LinkedIn sent-invitations page showed pending at 2 weeks with original note visible,wait for accept; do not resend
2026-07-21,linkedin,"Patrick Camuso, CPA",https://www.linkedin.com/in/patrickcamuso/,crypto_accounting_referral,observed_pending,,LinkedIn sent-invitations page showed pending at 1 month with crypto accounting handoff note visible,wait for accept; do not resend
2026-07-21,linkedin,"Ashley Papa, MBA, CTFA",https://www.linkedin.com/in/ashleypapa/,wealth_advisor,observed_pending,,LinkedIn sent-invitations page showed pending at 1 month with crypto reporting and reconciliation note visible,wait for accept; do not resend
2026-07-21,linkedin,LinkedIn received invitations,https://www.linkedin.com/mynetwork/invitation-manager/received/,account_check,observed_none,,Received invitations page showed `全部 (0)` and recommendation cards only,no action
2026-07-21,linkedin,LinkedIn notifications,https://www.linkedin.com/notifications/,account_check,observed_no_qualified_inbound,,Notifications showed ordinary network post job and profile activity including Richard Clarke comment/repost activity Juliana Chan post activity Charles Thuo repost activity BetterPaymentNetwork job notification and a 6-view post analytics notice; no qualified inquiry or message,no action
2026-07-21,linkedin,SignalCraft Labs company page,https://www.linkedin.com/company/133375131/admin/dashboard/,company_page_check,observed_no_inbound,,Admin dashboard showed 1 follower; 0 new followers; 5 search analytics over the last 7 days; quick-promote prompts only,no paid ads; monitor inbox and activity
2026-07-21,linkedin,SignalCraft Labs company inbox,https://www.linkedin.com/company/133375131/admin/inbox/,company_page_check,observed_empty,,Company inbox showed `无消息`,no action
2026-07-21,linkedin,SignalCraft Labs company activity,https://www.linkedin.com/company/133375131/admin/notifications/all/,company_page_check,observed_empty,,Company activity page showed no page comments mentions reactions reposts or analytics alerts,no action
2026-07-21,linkedin,LinkedIn account security,https://www.linkedin.com/mypreferences/d/categories/sign-in-and-security,account_check,observed_normal,,Login and security page showed normal sign-in and security settings with two-step verification on; no visible restriction CAPTCHA OTP or identity-verification blocker,no action
2026-07-21,linkedin,Saloni Tolia,https://www.linkedin.com/in/saloni-tolia/,crypto_accounting_reconciliation,blocked_personalized_quota_0,0,"Profile showed 2nd-degree connect available with Financial Operations / Crypto FinTech / HFT / OTC / Treasury headline and visible crypto operations plus daily crypto trade reconciliation fit; invite note dialog showed `本月剩余 0 封个性化邀请`, `0/200`, and disabled `发送邀请`",wait for personalized-note quota reset; do not send generic invite
2026-07-22,linkedin,LinkedIn unread messages,https://www.linkedin.com/messaging/?filter=unread,account_check,observed_none,,LinkedIn unread-message filter showed `无unread消息` and `No messages...yet!`,no action
2026-07-22,linkedin,Alexander Yan,https://www.linkedin.com/in/alexander-yan-64766b227/,broker_api,observed_no_reply,,LinkedIn messaging list showed 2026-07-07 outbound follow-up as latest visible item with no unread indicator; unread filter showed no unread messages,wait for reply or submitted Brief
2026-07-22,linkedin,Richard Clarke,https://www.linkedin.com/in/clarkerichard/,broker_api,observed_no_reply,,LinkedIn messaging list showed 2026-07-07 outbound follow-up as latest visible item with no unread indicator; notifications showed ordinary comment activity only,wait for reply or submitted Brief
2026-07-22,linkedin,Hu Kenneth,https://www.linkedin.com/in/hukenneth/,crypto_asset_reporting,observed_closed,,LinkedIn active thread/list still showed Hu decline and the 2026-07-12 acknowledgment as latest action with no unread indicator,closed unqualified; no further outreach unless Hu reopens thread
2026-07-22,linkedin,Hannah Jenkins,https://www.linkedin.com/in/hannah-jenkins-85bb12189/,tradingview_webhook,observed_pending,,LinkedIn sent-invitations page showed pending at 2 weeks with original note visible,wait for accept; do not resend
2026-07-22,linkedin,John Harper,https://www.linkedin.com/in/john-harper-787898164/,broker_api,observed_pending,,LinkedIn sent-invitations page showed pending at 2 weeks with original note visible,wait for accept; do not resend
2026-07-22,linkedin,"Patrick Camuso, CPA",https://www.linkedin.com/in/patrickcamuso/,crypto_accounting_referral,observed_pending,,LinkedIn sent-invitations page showed pending at 1 month with crypto accounting handoff note visible,wait for accept; do not resend
2026-07-22,linkedin,"Ashley Papa, MBA, CTFA",https://www.linkedin.com/in/ashleypapa/,wealth_advisor,observed_pending,,LinkedIn sent-invitations page showed pending at 1 month with crypto reporting and reconciliation note visible,wait for accept; do not resend
2026-07-22,linkedin,LinkedIn received invitations,https://www.linkedin.com/mynetwork/invitation-manager/received/,account_check,observed_none,,Received invitations page showed `全部 (0)` and recommendation cards only,no action
2026-07-22,linkedin,LinkedIn notifications,https://www.linkedin.com/notifications/,account_check,observed_no_qualified_inbound,,Notifications showed ordinary network post game job and profile/post analytics activity including Juliana Chan post activity Richard Clarke comment activity and BetterPaymentNetwork job notification; no qualified inquiry or message,no action
2026-07-22,linkedin,SignalCraft Labs company page,https://www.linkedin.com/company/133375131/admin/dashboard/,company_page_check,observed_no_inbound,,Admin dashboard showed 1 follower; 0 new followers; 5 search analytics over the last 7 days; 109 post impressions; 0 company page visitors; quick-promote prompts only,no paid ads; monitor inbox and activity
2026-07-22,linkedin,SignalCraft Labs company inbox,https://www.linkedin.com/company/133375131/admin/inbox/,company_page_check,observed_empty,,Company inbox showed `无消息`,no action
2026-07-22,linkedin,SignalCraft Labs company activity,https://www.linkedin.com/company/133375131/admin/notifications/all/,company_page_check,observed_empty,,Company activity page showed no page comments mentions reactions reposts analytics alerts or featured content,no action
2026-07-22,linkedin,LinkedIn account security,https://www.linkedin.com/mypreferences/d/categories/sign-in-and-security,account_check,observed_normal,,Login and security page showed normal sign-in and security settings with two-step verification on; no visible restriction CAPTCHA OTP or identity-verification blocker,no action
2026-07-23,linkedin,LinkedIn unread messages,https://www.linkedin.com/messaging/?filter=unread,account_check,observed_none,,LinkedIn unread-message filter showed `无unread消息` and `No messages…yet!`; no CAPTCHA OTP identity verification account restriction or security warning was visible,no action
2026-07-23,linkedin,Alexander Yan,https://www.linkedin.com/in/alexander-yan-64766b227/,broker_api,observed_no_reply,,LinkedIn messaging list showed the 2026-07-07 outbound follow-up as latest visible item with no unread indicator; unread filter showed no unread messages,wait for reply or submitted Brief
2026-07-23,linkedin,Richard Clarke,https://www.linkedin.com/in/clarkerichard/,broker_api,observed_no_reply,,LinkedIn messaging list showed the 2026-07-07 outbound follow-up as latest visible item with no unread indicator; unread filter showed no unread messages,wait for reply or submitted Brief
2026-07-23,linkedin,Hu Kenneth,https://www.linkedin.com/in/hukenneth/,crypto_asset_reporting,observed_closed,,LinkedIn messaging list still showed the 2026-07-12 acknowledgment as latest action with no unread indicator,closed unqualified; no further outreach unless Hu reopens thread
2026-07-23,linkedin,Cherilyn L.,https://www.linkedin.com/messaging/,off_lane_recruiting,observed_no_action,,LinkedIn messaging showed a sponsored Odoo Talent Meetup / recruiting message at 09:32; this is outside the Crypto Asset Reporting and reconciliation lane,no reply; user may handle separately
2026-07-23,linkedin,Hannah Jenkins,https://www.linkedin.com/in/hannah-jenkins-85bb12189/,tradingview_webhook,observed_pending,,LinkedIn sent-invitations page showed pending at 2 weeks with original note visible,wait for accept; do not resend
2026-07-23,linkedin,John Harper,https://www.linkedin.com/in/john-harper-787898164/,broker_api,observed_pending,,LinkedIn sent-invitations page showed pending at 2 weeks with original note visible,wait for accept; do not resend
2026-07-23,linkedin,"Patrick Camuso, CPA",https://www.linkedin.com/in/patrickcamuso/,crypto_accounting_referral,observed_pending,,LinkedIn sent-invitations page showed pending at 1 month with crypto accounting handoff note visible,wait for accept; do not resend
2026-07-23,linkedin,"Ashley Papa, MBA, CTFA",https://www.linkedin.com/in/ashleypapa/,wealth_advisor,observed_pending,,LinkedIn sent-invitations page showed pending at 1 month with crypto reporting and reconciliation note visible,wait for accept; do not resend
2026-07-23,linkedin,Saloni Tolia,https://www.linkedin.com/in/saloni-tolia/,crypto_accounting_reconciliation,observed_pending,,LinkedIn sent-invitations page showed `会员 (5)` and Saloni Tolia pending with `9 小时前已发送`; this invite was already present before this daily check and was not sent by this run,wait for accept; do not resend
2026-07-23,linkedin,LinkedIn received invitations,https://www.linkedin.com/mynetwork/invitation-manager/received/,account_check,observed_none,,Received invitations page showed `全部 (0)` and recommendation cards only,no action
2026-07-23,linkedin,LinkedIn notifications,https://www.linkedin.com/notifications/,account_check,observed_no_qualified_inbound,,"Notifications showed ordinary page search analytics, Hu Kenneth post activity, Juliana Chan post activity, a 48-view post analytics notice, network/job/game items, and the off-lane Odoo recruiting message; no qualified inquiry",no SignalCraft reply
2026-07-23,linkedin,SignalCraft Labs company page,https://www.linkedin.com/company/133375131/admin/dashboard/,company_page_check,observed_no_inbound,,Admin dashboard showed 1 follower; 0 new followers; 5 search analytics over the last 7 days; 126 post impressions; 0 company page visitors; quick-promote prompts only,no paid ads; monitor inbox and activity
2026-07-23,linkedin,SignalCraft Labs company inbox,https://www.linkedin.com/company/133375131/admin/inbox/,company_page_check,observed_empty,,Company inbox showed `无消息`,no action
2026-07-23,linkedin,SignalCraft Labs company activity,https://www.linkedin.com/company/133375131/admin/notifications/all/,company_page_check,observed_empty,,Company activity page showed no page comments mentions reactions reposts analytics alerts or featured content,no action
2026-07-23,linkedin,LinkedIn account security,https://www.linkedin.com/mypreferences/d/categories/sign-in-and-security,account_check,observed_normal,,Login and security page showed normal sign-in and security settings with account email visible and two-step verification on; no visible restriction CAPTCHA OTP or identity-verification blocker,no action
2026-07-23,linkedin,Saloni Tolia,https://www.linkedin.com/in/saloni-tolia/,crypto_accounting_reconciliation,deferred_pending_invite,,"Live LinkedIn sent invitations showed member pending count 5 and Saloni Tolia pending with 10 hours since sent; profile showed 2nd-degree, pending action, Financial Operations / Crypto FinTech / HFT / OTC / Treasury headline, crypto operations and daily crypto trade reconciliation evidence; no message sent because no acceptance or genuine reply",wait for accept; do not resend or message before acceptance/genuine reply
2026-07-24,linkedin,LinkedIn unread messages,https://www.linkedin.com/messaging/?filter=unread,account_check,observed_none,,LinkedIn unread-message filter showed `无unread消息` and `No messages…yet!`; no CAPTCHA OTP identity verification account restriction or security warning was visible,no action
2026-07-24,linkedin,Alexander Yan,https://www.linkedin.com/in/alexander-yan-64766b227/,broker_api,observed_no_reply,,LinkedIn messaging list showed the 2026-07-07 outbound follow-up as latest visible item with no unread indicator; unread filter showed no unread messages,wait for reply or submitted Brief
2026-07-24,linkedin,Richard Clarke,https://www.linkedin.com/in/clarkerichard/,broker_api,observed_no_reply,,LinkedIn messaging list showed the 2026-07-07 outbound follow-up as latest visible item with no unread indicator; notifications showed ordinary comment/repost activity only,wait for reply or submitted Brief
2026-07-24,linkedin,Hu Kenneth,https://www.linkedin.com/in/hukenneth/,crypto_asset_reporting,observed_closed,,"LinkedIn active thread showed Hu declined on 2026-07-11 and the 2026-07-12 acknowledgment `Understood, thanks Kenneth.` as latest action",closed unqualified; no further outreach unless Hu reopens thread
2026-07-24,linkedin,Hannah Jenkins,https://www.linkedin.com/in/hannah-jenkins-85bb12189/,tradingview_webhook,observed_pending,,LinkedIn sent-invitations page showed pending at 2 weeks with original note visible,wait for accept; do not resend
2026-07-24,linkedin,John Harper,https://www.linkedin.com/in/john-harper-787898164/,broker_api,observed_pending,,LinkedIn sent-invitations page showed pending at 2 weeks with original note visible,wait for accept; do not resend
2026-07-24,linkedin,"Patrick Camuso, CPA",https://www.linkedin.com/in/patrickcamuso/,crypto_accounting_referral,observed_pending,,LinkedIn sent-invitations page showed pending at 1 month with crypto accounting handoff note visible,wait for accept; do not resend
2026-07-24,linkedin,"Ashley Papa, MBA, CTFA",https://www.linkedin.com/in/ashleypapa/,wealth_advisor,observed_pending,,LinkedIn sent-invitations page showed pending at 1 month with crypto reporting and reconciliation note visible,wait for accept; do not resend
2026-07-24,linkedin,Saloni Tolia,https://www.linkedin.com/in/saloni-tolia/,crypto_accounting_reconciliation,observed_pending,,LinkedIn sent-invitations page showed `会员 (5)` and Saloni Tolia pending with `发送时间: 昨天`; the pending invite remains a contact gate,wait for accept; do not resend or message before acceptance/genuine reply
2026-07-24,linkedin,LinkedIn received invitations,https://www.linkedin.com/mynetwork/invitation-manager/received/,account_check,observed_none,,Received invitations page showed `全部 (0)` and `您没有新邀请` with recommendation cards only,no action
2026-07-24,linkedin,LinkedIn notifications,https://www.linkedin.com/notifications/,account_check,observed_no_qualified_inbound,,"Notifications showed suggested connection, Wolfgang/Richard/Hu/Juliana post activity, SignalCraft Labs search analytics, and a 48-view post analytics notice; no qualified inquiry or message",no SignalCraft reply
2026-07-24,linkedin,SignalCraft Labs company page,https://www.linkedin.com/company/133375131/admin/dashboard/,company_page_check,observed_no_inbound,,Admin dashboard showed 1 follower; 0 new followers; 2 search analytics over the last 7 days; 110 post impressions; 0 company page visitors; quick-promote prompts only,no paid ads; monitor inbox and activity
2026-07-24,linkedin,SignalCraft Labs company inbox,https://www.linkedin.com/company/133375131/admin/inbox/,company_page_check,observed_empty,,Company inbox showed `无消息` and `暂时没有消息`,no action
2026-07-24,linkedin,SignalCraft Labs company activity,https://www.linkedin.com/company/133375131/admin/notifications/all/,company_page_check,observed_empty,,Company activity page showed no page comments mentions reactions reposts analytics alerts or featured content,no action
2026-07-24,linkedin,LinkedIn account security,https://www.linkedin.com/mypreferences/d/categories/sign-in-and-security,account_check,observed_normal,,Login and security page showed normal sign-in and security settings with account email visible and two-step verification on; no visible restriction CAPTCHA OTP or identity-verification blocker,no action
2026-07-24,linkedin,LinkedIn weekly operating review,https://www.linkedin.com/company/133375131/admin/analytics/updates/,weekly_operating_review,observed_weekly_results,,"Live review found 0 confirmed new sends this week, 0 accepts, 0 new replies, 0 qualified replies, 0 booked conversations, 5 pending invitations, 1 follower, 754 organic update impressions and 0 ad impressions for 2026-06-23 to 2026-07-22; visitor analytics showed 5 page views, 1 unique visitor, 0 custom-button clicks; July 15 post had 125 impressions and 0 clicks/reactions/comments/reposts/follows; July 22 post metrics still not populated; no verified Brief or LinkedIn conversion",keep Crypto Asset Reporting / reconciliation only; pause new outreach until accept/reply/quota reset and tighten before volume
2026-07-25,linkedin,LinkedIn unread messages,https://www.linkedin.com/messaging/?filter=unread,account_check,observed_none,,LinkedIn unread-message filter showed `无unread消息` and `No messages…yet!`; no CAPTCHA OTP identity verification account restriction or security warning was visible,no action
2026-07-25,linkedin,Alexander Yan,https://www.linkedin.com/in/alexander-yan-64766b227/,broker_api,observed_no_reply,,LinkedIn messaging list showed the 2026-07-07 outbound follow-up as latest visible item with no unread indicator; unread filter showed no unread messages,wait for reply or submitted Brief
2026-07-25,linkedin,Richard Clarke,https://www.linkedin.com/in/clarkerichard/,broker_api,observed_no_reply,,LinkedIn messaging list showed the 2026-07-07 outbound follow-up as latest visible item with no unread indicator; notifications showed ordinary comment/repost activity only,wait for reply or submitted Brief
2026-07-25,linkedin,Hu Kenneth,https://www.linkedin.com/in/hukenneth/,crypto_asset_reporting,observed_closed,,"LinkedIn active thread showed Hu declined on 2026-07-11 and the 2026-07-12 acknowledgment `Understood, thanks Kenneth.` as latest action",closed unqualified; no further outreach unless Hu reopens thread
2026-07-25,linkedin,Hannah Jenkins,https://www.linkedin.com/in/hannah-jenkins-85bb12189/,tradingview_webhook,observed_pending,,LinkedIn sent-invitations page showed pending at 2 weeks with original note visible,wait for accept; do not resend
2026-07-25,linkedin,John Harper,https://www.linkedin.com/in/john-harper-787898164/,broker_api,observed_pending,,LinkedIn sent-invitations page showed pending at 2 weeks with original note visible,wait for accept; do not resend
2026-07-25,linkedin,"Patrick Camuso, CPA",https://www.linkedin.com/in/patrickcamuso/,crypto_accounting_referral,observed_pending,,LinkedIn sent-invitations page showed pending at 1 month with crypto accounting handoff note visible,wait for accept; do not resend
2026-07-25,linkedin,"Ashley Papa, MBA, CTFA",https://www.linkedin.com/in/ashleypapa/,wealth_advisor,observed_pending,,LinkedIn sent-invitations page showed pending at 1 month with crypto reporting and reconciliation note visible,wait for accept; do not resend
2026-07-25,linkedin,Saloni Tolia,https://www.linkedin.com/in/saloni-tolia/,crypto_accounting_reconciliation,observed_pending,,LinkedIn sent-invitations page showed `会员 (5)` and Saloni Tolia pending with `2 天前发送`; the pending invite remains a contact gate,wait for accept; do not resend or message before acceptance/genuine reply
2026-07-25,linkedin,LinkedIn received invitations,https://www.linkedin.com/mynetwork/invitation-manager/received/,account_check,observed_none,,Received invitations page showed `全部 (0)` and `您没有新邀请` with recommendation cards only,no action
2026-07-25,linkedin,LinkedIn notifications,https://www.linkedin.com/notifications/,account_check,observed_no_qualified_inbound,,"Notifications showed ordinary Juliana Chan, Wolfgang Rückerl, Richard Clarke, Hu Kenneth, and personal search-appearance activity; no qualified SignalCraft inquiry or message",no SignalCraft reply
2026-07-25,linkedin,SignalCraft Labs company page,https://www.linkedin.com/company/133375131/admin/dashboard/,company_page_check,observed_no_inbound,,Admin dashboard showed 1 follower; 0 new followers; 2 search analytics over the last 7 days; 91 post impressions; 0 company page visitors; quick-promote prompts only,no paid ads; monitor inbox and activity
2026-07-25,linkedin,SignalCraft Labs company inbox,https://www.linkedin.com/company/133375131/admin/inbox/,company_page_check,observed_empty,,Company inbox showed `无消息` and `暂时没有消息`,no action
2026-07-25,linkedin,SignalCraft Labs company activity,https://www.linkedin.com/company/133375131/admin/notifications/all/,company_page_check,observed_empty,,Company activity page showed no page comments mentions reactions reposts analytics alerts or featured content,no action
2026-07-25,linkedin,LinkedIn account security,https://www.linkedin.com/mypreferences/d/categories/sign-in-and-security,account_check,observed_normal,,Login and security page showed normal sign-in and security settings with two-step verification on; no visible restriction CAPTCHA OTP or identity-verification blocker,no action
2026-07-26,linkedin,LinkedIn unread messages,https://www.linkedin.com/messaging/?filter=unread,account_check,observed_none,,LinkedIn unread-message filter showed `无unread消息` and `No messages…yet!`; no CAPTCHA OTP identity verification account restriction or security warning was visible,no action
2026-07-26,linkedin,Alexander Yan,https://www.linkedin.com/in/alexander-yan-64766b227/,broker_api,observed_no_reply,,LinkedIn messaging list showed the 2026-07-07 outbound follow-up as latest visible item with no unread indicator; unread filter showed no unread messages,wait for reply or submitted Brief
2026-07-26,linkedin,Richard Clarke,https://www.linkedin.com/in/clarkerichard/,broker_api,observed_no_reply,,LinkedIn messaging list showed the 2026-07-07 outbound follow-up as latest visible item with no unread indicator; notifications showed ordinary activity only,wait for reply or submitted Brief
2026-07-26,linkedin,Hu Kenneth,https://www.linkedin.com/in/hukenneth/,crypto_asset_reporting,observed_closed,,"LinkedIn active thread showed Hu declined on 2026-07-11 and the 2026-07-12 acknowledgment `Understood, thanks Kenneth.` as latest action",closed unqualified; no further outreach unless Hu reopens thread
2026-07-26,linkedin,Hannah Jenkins,https://www.linkedin.com/in/hannah-jenkins-85bb12189/,tradingview_webhook,observed_pending,,LinkedIn sent-invitations page showed pending at 2 weeks with original note visible,wait for accept; do not resend
2026-07-26,linkedin,John Harper,https://www.linkedin.com/in/john-harper-787898164/,broker_api,observed_pending,,LinkedIn sent-invitations page showed pending at 2 weeks with original note visible,wait for accept; do not resend
2026-07-26,linkedin,"Patrick Camuso, CPA",https://www.linkedin.com/in/patrickcamuso/,crypto_accounting_referral,observed_pending,,LinkedIn sent-invitations page showed pending at 1 month with crypto accounting handoff note visible,wait for accept; do not resend
2026-07-26,linkedin,"Ashley Papa, MBA, CTFA",https://www.linkedin.com/in/ashleypapa/,wealth_advisor,observed_pending,,LinkedIn sent-invitations page showed pending at 1 month with crypto reporting and reconciliation note visible,wait for accept; do not resend
2026-07-26,linkedin,Saloni Tolia,https://www.linkedin.com/in/saloni-tolia/,crypto_accounting_reconciliation,observed_pending,,LinkedIn sent-invitations page showed `会员 (5)` and Saloni Tolia pending with `3 天前发送`; the pending invite remains a contact gate,wait for accept; do not resend or message before acceptance/genuine reply
2026-07-26,linkedin,LinkedIn received invitations,https://www.linkedin.com/mynetwork/invitation-manager/received/,account_check,observed_none,,Received invitations page showed `全部 (0)` and `您没有新邀请` with recommendation cards only,no action
2026-07-26,linkedin,LinkedIn notifications,https://www.linkedin.com/notifications/,account_check,observed_no_qualified_inbound,,"Notifications showed ordinary Calwin Tan suggestion, Richard Clarke activity, Juliana Chan activity, Wolfgang Rückerl activity, and personal search-appearance activity; no qualified SignalCraft inquiry or message",no SignalCraft reply
2026-07-26,linkedin,SignalCraft Labs company page,https://www.linkedin.com/company/133375131/admin/dashboard/,company_page_check,observed_no_inbound,,Admin dashboard showed 1 follower; 0 new followers; 2 search analytics over the last 7 days; 71 post impressions; 0 company page visitors; quick-promote prompts only,no paid ads; monitor inbox and activity
2026-07-26,linkedin,SignalCraft Labs company inbox,https://www.linkedin.com/company/133375131/admin/inbox/,company_page_check,observed_empty,,Company inbox showed `无消息` and `暂时没有消息`,no action
2026-07-26,linkedin,SignalCraft Labs company activity,https://www.linkedin.com/company/133375131/admin/notifications/all/,company_page_check,observed_empty,,Company activity page showed no page comments mentions reactions reposts analytics alerts or featured content,no action
2026-07-26,linkedin,LinkedIn account security,https://www.linkedin.com/mypreferences/d/categories/sign-in-and-security,account_check,observed_normal,,Login and security page showed normal sign-in and security settings with two-step verification on; no visible restriction CAPTCHA OTP or identity-verification blocker,no action
2026-07-27,linkedin,LinkedIn unread messages,https://www.linkedin.com/messaging/?filter=unread,account_check,observed_none,,LinkedIn unread-message filter showed `无unread消息` and `No messages…yet!`; no CAPTCHA OTP identity verification account restriction or security warning was visible,no action
2026-07-27,linkedin,Alexander Yan,https://www.linkedin.com/in/alexander-yan-64766b227/,broker_api,observed_no_reply,,LinkedIn messaging list showed the 2026-07-07 outbound follow-up as latest visible item with no unread indicator; unread filter showed no unread messages,wait for reply or submitted Brief
2026-07-27,linkedin,Richard Clarke,https://www.linkedin.com/in/clarkerichard/,broker_api,observed_no_reply,,LinkedIn messaging list showed the 2026-07-07 outbound follow-up as latest visible item; notifications showed ordinary repost/comment activity only,wait for reply or submitted Brief
2026-07-27,linkedin,Hu Kenneth,https://www.linkedin.com/in/hukenneth/,crypto_asset_reporting,observed_closed,,"LinkedIn active thread showed Hu declined on 2026-07-11 and the 2026-07-12 acknowledgment `Understood, thanks Kenneth.` as latest action",closed unqualified; no further outreach unless Hu reopens thread
2026-07-27,linkedin,Hannah Jenkins,https://www.linkedin.com/in/hannah-jenkins-85bb12189/,tradingview_webhook,observed_pending,,LinkedIn sent-invitations page showed pending at 3 weeks with original note visible,wait for accept; do not resend
2026-07-27,linkedin,John Harper,https://www.linkedin.com/in/john-harper-787898164/,broker_api,observed_pending,,LinkedIn sent-invitations page showed pending at 3 weeks with original note visible,wait for accept; do not resend
2026-07-27,linkedin,"Patrick Camuso, CPA",https://www.linkedin.com/in/patrickcamuso/,crypto_accounting_referral,observed_pending,,LinkedIn sent-invitations page showed pending at 1 month with crypto accounting handoff note visible,wait for accept; do not resend
2026-07-27,linkedin,"Ashley Papa, MBA, CTFA",https://www.linkedin.com/in/ashleypapa/,wealth_advisor,observed_pending,,LinkedIn sent-invitations page showed pending at 1 month with crypto reporting and reconciliation note visible,wait for accept; do not resend
2026-07-27,linkedin,Saloni Tolia,https://www.linkedin.com/in/saloni-tolia/,crypto_accounting_reconciliation,observed_pending,,LinkedIn sent-invitations page showed `会员 (5)` and Saloni Tolia pending with `4 天前发送`; the pending invite remains a contact gate,wait for accept; do not resend or message before acceptance/genuine reply
2026-07-27,linkedin,LinkedIn received invitations,https://www.linkedin.com/mynetwork/invitation-manager/received/,account_check,observed_none,,Received invitations page showed `全部 (0)` and `您没有新邀请` with recommendation cards only,no action
2026-07-27,linkedin,LinkedIn notifications,https://www.linkedin.com/notifications/,account_check,observed_no_qualified_inbound,,"Notifications showed ordinary Richard Clarke repost/comment activity, Juliana Chan article/activity, Calwin Tan suggestion, Lydia Hsieh item, Wolfgang Rückerl activity, and personal search-appearance activity; no qualified SignalCraft inquiry or message",no SignalCraft reply
2026-07-27,linkedin,SignalCraft Labs company page,https://www.linkedin.com/company/133375131/admin/dashboard/,company_page_check,observed_no_inbound,,Admin dashboard showed 1 follower; 0 new followers; 2 search analytics over the last 7 days; 56 post impressions; 0 company page visitors; quick-promote prompts only,no paid ads; monitor inbox and activity
2026-07-27,linkedin,SignalCraft Labs company inbox,https://www.linkedin.com/company/133375131/admin/inbox/,company_page_check,observed_empty,,Company inbox showed `无消息` and `暂时没有消息`,no action
2026-07-27,linkedin,SignalCraft Labs company activity,https://www.linkedin.com/company/133375131/admin/notifications/all/,company_page_check,observed_empty,,Company activity page showed `没有主页动态` and no page comments mentions reactions reposts analytics alerts or featured content,no action
2026-07-27,linkedin,LinkedIn account security,https://www.linkedin.com/mypreferences/d/categories/sign-in-and-security,account_check,observed_normal,,Login and security page showed normal sign-in and security settings with two-step verification on; no visible restriction CAPTCHA OTP or identity-verification blocker,no action
2026-07-28,linkedin,LinkedIn messages,https://www.linkedin.com/messaging/thread/new/,account_check,observed_no_new_reply,,LinkedIn messaging list loaded via alternate route and showed Hu Kenneth latest visible item as 2026-07-12 outbound acknowledgment; Richard Clarke and Alexander Yan latest visible items as 2026-07-07 outbound follow-ups; no new on-lane reply or unread message was visible,no action
2026-07-28,linkedin,Alexander Yan,https://www.linkedin.com/in/alexander-yan-64766b227/,broker_api,observed_no_reply,,LinkedIn messaging list showed 2026-07-07 outbound follow-up as latest visible item with no newer reply visible,wait for reply or submitted Brief
2026-07-28,linkedin,Richard Clarke,https://www.linkedin.com/in/clarkerichard/,broker_api,observed_no_reply,,LinkedIn messaging list showed 2026-07-07 outbound follow-up as latest visible item; notifications showed ordinary repost activity only,wait for reply or submitted Brief
2026-07-28,linkedin,Hu Kenneth,https://www.linkedin.com/in/hukenneth/,crypto_asset_reporting,observed_closed,,"LinkedIn messaging list showed 2026-07-12 outbound acknowledgment `Understood, thanks Kenneth.` as latest visible action",closed unqualified; no further outreach unless Hu reopens thread
2026-07-28,linkedin,Hannah Jenkins,https://www.linkedin.com/in/hannah-jenkins-85bb12189/,tradingview_webhook,observed_pending,,LinkedIn sent-invitations page showed pending at 3 weeks with original note visible,wait for accept; do not resend
2026-07-28,linkedin,John Harper,https://www.linkedin.com/in/john-harper-787898164/,broker_api,observed_pending,,LinkedIn sent-invitations page showed pending at 3 weeks with original note visible,wait for accept; do not resend
2026-07-28,linkedin,"Patrick Camuso, CPA",https://www.linkedin.com/in/patrickcamuso/,crypto_accounting_referral,observed_pending,,LinkedIn sent-invitations page showed pending at 1 month with crypto accounting handoff note visible,wait for accept; do not resend
2026-07-28,linkedin,"Ashley Papa, MBA, CTFA",https://www.linkedin.com/in/ashleypapa/,wealth_advisor,observed_pending,,LinkedIn sent-invitations page showed pending at 1 month with crypto reporting and reconciliation note visible,wait for accept; do not resend
2026-07-28,linkedin,Saloni Tolia,https://www.linkedin.com/in/saloni-tolia/,crypto_accounting_reconciliation,observed_pending,,LinkedIn sent-invitations page showed `会员 (5)` and Saloni Tolia pending with `5 天前发送`; the pending invite remains a contact gate,wait for accept; do not resend or message before acceptance/genuine reply
2026-07-28,linkedin,LinkedIn received invitations,https://www.linkedin.com/mynetwork/invitation-manager/received/,account_check,observed_none,,Received invitations page showed `全部 (0)` and `您没有新邀请` with recommendation cards only,no action
2026-07-28,linkedin,LinkedIn notifications,https://www.linkedin.com/notifications/?filter=all,account_check,observed_no_qualified_inbound,,"Notifications showed ordinary Juliana Chan post/article activity, Andrew LIU comment activity, Richard Clarke repost activity, Calwin Tan recommendation, and Wolfgang Rückerl activity; no qualified SignalCraft inquiry or message",no SignalCraft reply
2026-07-28,linkedin,SignalCraft Labs company page,https://www.linkedin.com/company/133375131/admin/dashboard/,company_page_check,observed_no_inbound,,Admin dashboard showed 1 follower; 0 new followers; 2 search analytics over the last 7 days; 47 post impressions; 0 company page visitors; quick-promote prompts only,no paid ads; monitor inbox and activity
2026-07-28,linkedin,SignalCraft Labs company inbox,https://www.linkedin.com/company/133375131/admin/inbox/,company_page_check,observed_empty,,Company inbox showed `无消息` and `暂时没有消息`,no action
2026-07-28,linkedin,SignalCraft Labs company activity,https://www.linkedin.com/company/133375131/admin/notifications/all/,company_page_check,observed_empty,,Company activity page showed `没有主页动态` and no page comments mentions reactions reposts analytics alerts or featured content,no action
2026-07-28,linkedin,SignalCraft Labs visitors analytics,https://www.linkedin.com/company/133375131/admin/analytics/visitors/,company_page_check,observed_visitor_analytics,,"Visitor analytics for 2026-06-27 to 2026-07-26 showed 5 page views, 1 unique visitor, and 0 custom-button clicks",no action
2026-07-28,linkedin,LinkedIn account security,https://www.linkedin.com/mypreferences/d/categories/sign-in-and-security,account_check,observed_normal,,Login and security page showed normal sign-in and security settings with two-step verification on; no visible restriction CAPTCHA OTP or identity-verification blocker,no action
2026-07-28,linkedin,Sami Ul Haq,https://www.linkedin.com/in/samiulhaq203/,crypto_accounting_reconciliation,blocked_personalized_quota_0,,"Live profile showed 2nd-degree crypto accountant with blockchain financial reporting and reconciliation, wallet/exchange/DeFi reconciliation, cost-basis, QuickBooks/Xero, and CSV/API import evidence; personalized invite dialog showed `本月剩余 0 封个性化邀请`, `0/200`, and disabled `发送邀请`; no generic invite sent",recheck personalized-note quota; send only personalized no-link invite if quota resets
2026-07-29,linkedin,LinkedIn messages,https://www.linkedin.com/messaging/thread/new/,account_check,observed_no_new_reply,,Unread filter showed `无unread消息` and `No messages...yet!`; alternate composer route showed Hu Kenneth latest visible action as 2026-07-12 outbound acknowledgment and Richard Clarke/Alexander Yan latest visible items as 2026-07-07 outbound follow-ups; no new on-lane reply or unread message was visible,no action
2026-07-29,linkedin,Alexander Yan,https://www.linkedin.com/in/alexander-yan-64766b227/,broker_api,observed_no_reply,,LinkedIn messaging list showed 2026-07-07 outbound follow-up as latest visible item with no newer reply visible,wait for reply or submitted Brief
2026-07-29,linkedin,Richard Clarke,https://www.linkedin.com/in/clarkerichard/,broker_api,observed_no_reply,,LinkedIn messaging list showed 2026-07-07 outbound follow-up as latest visible item; notifications showed ordinary repost/social activity only,wait for reply or submitted Brief
2026-07-29,linkedin,Hu Kenneth,https://www.linkedin.com/in/hukenneth/,crypto_asset_reporting,observed_closed,,"LinkedIn messaging list showed 2026-07-12 outbound acknowledgment `Understood, thanks Kenneth.` as latest visible action",closed unqualified; no further outreach unless Hu reopens thread
2026-07-29,linkedin,Hannah Jenkins,https://www.linkedin.com/in/hannah-jenkins-85bb12189/,tradingview_webhook,observed_pending,,LinkedIn sent-invitations page showed pending at 3 weeks with original note visible,wait for accept; do not resend
2026-07-29,linkedin,John Harper,https://www.linkedin.com/in/john-harper-787898164/,broker_api,observed_pending,,LinkedIn sent-invitations page showed pending at 3 weeks with original note visible,wait for accept; do not resend
2026-07-29,linkedin,"Patrick Camuso, CPA",https://www.linkedin.com/in/patrickcamuso/,crypto_accounting_referral,observed_pending,,LinkedIn sent-invitations page showed pending at 1 month with crypto accounting handoff note visible,wait for accept; do not resend
2026-07-29,linkedin,"Ashley Papa, MBA, CTFA",https://www.linkedin.com/in/ashleypapa/,wealth_advisor,observed_pending,,LinkedIn sent-invitations page showed pending at 1 month with crypto reporting and reconciliation note visible,wait for accept; do not resend
2026-07-29,linkedin,Saloni Tolia,https://www.linkedin.com/in/saloni-tolia/,crypto_accounting_reconciliation,observed_pending,,LinkedIn sent-invitations page showed `会员 (5)` and Saloni Tolia pending with `6 天前发送`; the pending invite remains a contact gate,wait for accept; do not resend or message before acceptance/genuine reply
2026-07-29,linkedin,LinkedIn received invitations,https://www.linkedin.com/mynetwork/invitation-manager/received/,account_check,observed_none,,Received invitations page showed `全部 (0)` and `您没有新邀请` with recommendation cards only,no action
2026-07-29,linkedin,LinkedIn notifications,https://www.linkedin.com/notifications/?filter=all,account_check,observed_no_qualified_inbound,,"Notifications showed ordinary recommended-connection/game/job/social activity plus known Juliana Chan, Andrew LIU, and Richard Clarke activity; no qualified SignalCraft inquiry or message",no SignalCraft reply
2026-07-29,linkedin,SignalCraft Labs company page,https://www.linkedin.com/company/133375131/admin/dashboard/,company_page_check,observed_no_inbound,,Admin dashboard showed 1 follower; 0 search analytics over the last 7 days; 0 new followers; 19 post impressions; 0 company page visitors; quick-promote prompts only,no paid ads; monitor inbox and activity
2026-07-29,linkedin,SignalCraft Labs company inbox,https://www.linkedin.com/company/133375131/admin/inbox/,company_page_check,observed_empty,,Company inbox showed `无消息` and `暂时没有消息`,no action
2026-07-29,linkedin,SignalCraft Labs company activity,https://www.linkedin.com/company/133375131/admin/notifications/all/,company_page_check,observed_empty,,Company activity page showed `没有主页动态` and no page comments mentions reactions reposts analytics alerts or featured content,no action
2026-07-29,linkedin,SignalCraft Labs visitors analytics,https://www.linkedin.com/company/133375131/admin/analytics/visitors/,company_page_check,observed_visitor_analytics,,"Visitor analytics for 2026-06-28 to 2026-07-27 showed 5 page views, 1 unique visitor, and 0 custom-button clicks",no action
2026-07-29,linkedin,LinkedIn account security,https://www.linkedin.com/mypreferences/d/categories/sign-in-and-security,account_check,observed_normal,,Login and security page showed normal sign-in and security settings with two-step verification on; no visible restriction CAPTCHA OTP or identity-verification blocker,no action
2026-07-30,linkedin,LinkedIn messages,https://www.linkedin.com/messaging/thread/new/,account_check,observed_no_new_reply,,Unread filter showed `无unread消息` and `No messages...yet!`; alternate composer route showed Hu Kenneth latest visible action as 2026-07-12 outbound acknowledgment and Richard Clarke/Alexander Yan latest visible items as 2026-07-07 outbound follow-ups; no new on-lane reply or unread message was visible,no action
2026-07-30,linkedin,Alexander Yan,https://www.linkedin.com/in/alexander-yan-64766b227/,broker_api,observed_no_reply,,LinkedIn messaging list showed 2026-07-07 outbound follow-up as latest visible item with no newer reply visible,wait for reply or submitted Brief
2026-07-30,linkedin,Richard Clarke,https://www.linkedin.com/in/clarkerichard/,broker_api,observed_no_reply,,LinkedIn messaging list showed 2026-07-07 outbound follow-up as latest visible item; notifications showed ordinary activity only,wait for reply or submitted Brief
2026-07-30,linkedin,Hu Kenneth,https://www.linkedin.com/in/hukenneth/,crypto_asset_reporting,observed_closed,,"LinkedIn messaging list showed 2026-07-12 outbound acknowledgment `Understood, thanks Kenneth.` as latest visible action",closed unqualified; no further outreach unless Hu reopens thread
2026-07-30,linkedin,Hannah Jenkins,https://www.linkedin.com/in/hannah-jenkins-85bb12189/,tradingview_webhook,observed_pending,,LinkedIn sent-invitations page showed pending at 3 weeks with original note visible,wait for accept; do not resend
2026-07-30,linkedin,John Harper,https://www.linkedin.com/in/john-harper-787898164/,broker_api,observed_pending,,LinkedIn sent-invitations page showed pending at 3 weeks with original note visible,wait for accept; do not resend
2026-07-30,linkedin,"Patrick Camuso, CPA",https://www.linkedin.com/in/patrickcamuso/,crypto_accounting_referral,observed_pending,,LinkedIn sent-invitations page showed pending at 1 month with crypto accounting handoff note visible,wait for accept; do not resend
2026-07-30,linkedin,"Ashley Papa, MBA, CTFA",https://www.linkedin.com/in/ashleypapa/,wealth_advisor,observed_pending,,LinkedIn sent-invitations page showed pending at 1 month with crypto reporting and reconciliation note visible,wait for accept; do not resend
2026-07-30,linkedin,Saloni Tolia,https://www.linkedin.com/in/saloni-tolia/,crypto_accounting_reconciliation,observed_pending,,LinkedIn sent-invitations page showed `会员 (5)` and Saloni Tolia pending with `1 周前发送`; the pending invite remains a contact gate,wait for accept; do not resend or message before acceptance/genuine reply
2026-07-30,linkedin,LinkedIn received invitations,https://www.linkedin.com/mynetwork/invitation-manager/received/,account_check,observed_none,,"Received invitations page showed `您没有新邀请` with recommendation cards only, including Sami Ul Haq as a suggested connection; no inbound invitation or accepted-contact action was available",no action
2026-07-30,linkedin,LinkedIn notifications,https://www.linkedin.com/notifications/?filter=all,account_check,observed_no_qualified_inbound,,"Notifications showed an unread SignalCraft Labs search-analytics notice with `2 条搜索结果` plus ordinary Andrew LIU, Juliana Chan, and Richard Clarke activity; no qualified SignalCraft inquiry or message",no SignalCraft reply
2026-07-30,linkedin,SignalCraft Labs company page,https://www.linkedin.com/company/133375131/admin/dashboard/,company_page_check,observed_no_inbound,,Admin dashboard showed 1 follower; 0 search analytics over the last 7 days; 0 new followers; 2 post impressions; 0 company page visitors; quick-promote prompts only,no paid ads; monitor inbox and activity
2026-07-30,linkedin,SignalCraft Labs company inbox,https://www.linkedin.com/company/133375131/admin/inbox/,company_page_check,observed_empty,,Company inbox showed `无消息` and `暂时没有消息`,no action
2026-07-30,linkedin,SignalCraft Labs company activity,https://www.linkedin.com/company/133375131/admin/notifications/all/,company_page_check,observed_empty,,Company activity page showed `没有主页动态` and no page comments mentions reactions reposts analytics alerts or featured content,no action
2026-07-30,linkedin,SignalCraft Labs visitors analytics,https://www.linkedin.com/company/133375131/admin/analytics/visitors/,company_page_check,observed_visitor_analytics,,"Visitor analytics for 2026-06-29 to 2026-07-28 showed 5 page views, 1 unique visitor, and 0 custom-button clicks",no action
2026-07-30,linkedin,LinkedIn account security,https://www.linkedin.com/mypreferences/d/categories/sign-in-and-security,account_check,observed_normal,,Login and security page showed normal sign-in and security settings with two-step verification on; no visible restriction CAPTCHA OTP or identity-verification blocker,no action
2026-07-30,linkedin,Sami Ul Haq,https://www.linkedin.com/in/samiulhaq203/,crypto_accounting_reconciliation,blocked_personalized_quota_0,,"Live profile showed 2nd-degree crypto accountant with blockchain financial reporting and reconciliation plus wallet exchange DeFi reconciliation cost-basis QuickBooks Xero and CSV/API import evidence; custom invite note editor showed `本月剩余 0 封个性化邀请。`, `0/200`, and disabled `发送邀请`; no generic invite sent",recheck personalized-note quota; send only personalized no-link invite if quota resets
2026-07-30,linkedin,Saloni Tolia,https://www.linkedin.com/in/saloni-tolia/,crypto_accounting_reconciliation,deferred_pending_invite,,Live profile showed 2nd-degree Financial Operations / Crypto FinTech / HFT / OTC / Treasury fit and current action `待处理，点击撤回发送给Saloni Tolia的邀请`; no message sent because pending invite remains the contact gate,wait for accept; do not resend withdraw or message before acceptance/genuine reply
2026-07-31,linkedin,LinkedIn messages,https://www.linkedin.com/messaging/thread/new/,account_check,observed_no_new_reply,,Unread filter showed `无unread消息`; message list showed Hu Kenneth latest visible action as 2026-07-12 outbound acknowledgment and Richard Clarke/Alexander Yan latest visible items as 2026-07-07 outbound follow-ups; no genuine on-lane reply or unread message was visible,no action
2026-07-31,linkedin,Alexander Yan,https://www.linkedin.com/in/alexander-yan-64766b227/,broker_api,observed_no_reply,,LinkedIn messaging list showed 2026-07-07 outbound follow-up as latest visible item with no newer reply visible,wait for reply or submitted Brief
2026-07-31,linkedin,Richard Clarke,https://www.linkedin.com/in/clarkerichard/,broker_api,observed_no_reply,,LinkedIn messaging list showed 2026-07-07 outbound follow-up as latest visible item with no newer reply visible,wait for reply or submitted Brief
2026-07-31,linkedin,Hu Kenneth,https://www.linkedin.com/in/hukenneth/,crypto_asset_reporting,observed_closed,,"LinkedIn messaging list showed 2026-07-12 outbound acknowledgment `Understood, thanks Kenneth.` as latest visible action",closed unqualified; no further outreach unless Hu reopens thread
2026-07-31,linkedin,Hannah Jenkins,https://www.linkedin.com/in/hannah-jenkins-85bb12189/,tradingview_webhook,observed_pending,,LinkedIn sent-invitations page showed pending at 3 weeks with original note visible,wait for accept; do not resend
2026-07-31,linkedin,John Harper,https://www.linkedin.com/in/john-harper-787898164/,broker_api,observed_pending,,LinkedIn sent-invitations page showed pending at 3 weeks,wait for accept; do not resend
2026-07-31,linkedin,"Patrick Camuso, CPA",https://www.linkedin.com/in/patrickcamuso/,crypto_accounting_referral,observed_pending,,LinkedIn sent-invitations page showed pending at 1 month with crypto accounting handoff note visible,wait for accept; do not resend
2026-07-31,linkedin,"Ashley Papa, MBA, CTFA",https://www.linkedin.com/in/ashleypapa/,wealth_advisor,observed_pending,,LinkedIn sent-invitations page showed pending at 1 month; notifications also showed Ashley Papa viewed the profile but no acceptance or message,wait for accept; do not resend
2026-07-31,linkedin,Saloni Tolia,https://www.linkedin.com/in/saloni-tolia/,crypto_accounting_reconciliation,observed_pending,,LinkedIn sent-invitations page showed `会员 (5)` and Saloni Tolia pending with `1 周前发送`; the pending invite remains a contact gate,wait for accept; do not resend or message before acceptance/genuine reply
2026-07-31,linkedin,LinkedIn received invitations,https://www.linkedin.com/mynetwork/invitation-manager/received/,account_check,observed_none,,Received invitations page showed `全部 (0)` and `您没有新邀请` with recommendation cards only; no inbound invitation or accepted-contact action was available,no action
2026-07-31,linkedin,LinkedIn notifications,https://www.linkedin.com/notifications/?filter=all,account_check,observed_no_qualified_inbound,,"Notifications showed an unread Mia Chang network activity item, a SignalCraft Labs search-analytics notice with `2 条搜索结果`, and Ashley Papa profile-view activity; no qualified SignalCraft inquiry or message",no SignalCraft reply
2026-07-31,linkedin,SignalCraft Labs company page,https://www.linkedin.com/company/133375131/admin/dashboard/,company_page_check,observed_no_inbound,,"Admin dashboard showed 0 search analytics over the last 7 days, 0 new followers, 0 post impressions, 0 company page visitors, and quick-promote prompts only",no paid ads; monitor inbox and activity
2026-07-31,linkedin,SignalCraft Labs company inbox,https://www.linkedin.com/company/133375131/admin/inbox/,company_page_check,observed_empty,,Company inbox showed `无消息` and `暂时没有消息`,no action
2026-07-31,linkedin,SignalCraft Labs company activity,https://www.linkedin.com/company/133375131/admin/notifications/all/,company_page_check,observed_empty,,Company activity page showed `没有主页动态` and no page comments mentions reactions reposts analytics alerts or featured content,no action
2026-07-31,linkedin,SignalCraft Labs visitors analytics,https://www.linkedin.com/company/133375131/admin/analytics/visitors/,company_page_check,observed_visitor_analytics,,"Visitor analytics for 2026-06-30 to 2026-07-29 showed 5 page views, 1 unique visitor, and 0 custom-button clicks",no action
2026-07-31,linkedin,LinkedIn account security,https://www.linkedin.com/mypreferences/d/categories/sign-in-and-security,account_check,observed_normal,,Login and security page showed normal sign-in and security settings with two-step verification on; no visible restriction CAPTCHA OTP or identity-verification blocker,no action
2026-07-31,linkedin,Weekly LinkedIn operating review,https://www.linkedin.com/company/133375131/admin/dashboard/,weekly_review,observed_weekly_results,,"Live weekly review found 0 new sent invitations/messages this week, 0 accepts, 0 new replies, 0 qualified replies, 0 booked conversations, 5 pending sent invitations, 1 company follower, 0 last-7-day company search analytics, 0 new followers, 0 dynamic/post impressions, 0 company page visitors, visitor analytics 2026-06-30 to 2026-07-29 with 5 page views 1 unique visitor 0 custom-button clicks, content analytics 2026-06-30 to 2026-07-29 with 754 impressions and 0 reactions/comments/reposts, 0 ad impressions visible, no verified briefs or LinkedIn-attributed conversions; no paid ads or spend enabled",keep Crypto Asset Reporting / reconciliation only; do not increase volume; tighten offer/audience before more sends if roughly 30 high-intent touches still produce no qualified reply
2026-08-01,linkedin,LinkedIn unread messages,https://www.linkedin.com/messaging/?filter=unread,account_check,observed_none,,LinkedIn unread-message filter showed `无unread消息` and `No messages...yet!`,no action
2026-08-01,linkedin,Alexander Yan,https://www.linkedin.com/in/alexander-yan-64766b227/,broker_api,observed_no_reply,,LinkedIn messaging list showed 2026-07-07 outbound follow-up as latest visible item with no unread indicator; unread filter showed no unread messages,wait for reply or submitted Brief
2026-08-01,linkedin,Richard Clarke,https://www.linkedin.com/in/clarkerichard/,broker_api,observed_no_reply,,LinkedIn messaging list showed 2026-07-07 outbound follow-up as latest visible item with no unread indicator; unread filter showed no unread messages,wait for reply or submitted Brief
2026-08-01,linkedin,Hu Kenneth,https://www.linkedin.com/in/hukenneth/,crypto_asset_reporting,observed_closed,,"LinkedIn messaging list still showed the 2026-07-12 acknowledgment `Understood, thanks Kenneth.` as latest visible action with no unread indicator",closed unqualified; no further outreach unless Hu reopens thread
2026-08-01,linkedin,Hannah Jenkins,https://www.linkedin.com/in/hannah-jenkins-85bb12189/,tradingview_webhook,observed_pending,,LinkedIn sent-invitations page showed pending at 3 weeks with original note visible,wait for accept; do not resend
2026-08-01,linkedin,John Harper,https://www.linkedin.com/in/john-harper-787898164/,broker_api,observed_pending,,LinkedIn sent-invitations page showed pending at 3 weeks with original note visible,wait for accept; do not resend
2026-08-01,linkedin,"Patrick Camuso, CPA",https://www.linkedin.com/in/patrickcamuso/,crypto_accounting_referral,observed_pending,,LinkedIn sent-invitations page showed pending at 1 month with crypto accounting handoff note visible,wait for accept; do not resend
2026-08-01,linkedin,"Ashley Papa, MBA, CTFA",https://www.linkedin.com/in/ashleypapa/,wealth_advisor,observed_pending,,LinkedIn sent-invitations page showed pending at 1 month with crypto reporting and reconciliation note visible,wait for accept; do not resend
2026-08-01,linkedin,Saloni Tolia,https://www.linkedin.com/in/saloni-tolia/,crypto_accounting_reconciliation,observed_pending,,LinkedIn sent-invitations page showed pending at 1 week; no resend withdrawal or pre-acceptance message sent,wait for accept; do not resend or message before acceptance/genuine reply
2026-08-01,linkedin,LinkedIn received invitations,https://www.linkedin.com/mynetwork/invitation-manager/received/,account_check,observed_none,,Received invitations page showed `全部 (0)` and recommendation cards only,no action
2026-08-01,linkedin,LinkedIn notifications,https://www.linkedin.com/notifications/,account_check,observed_no_qualified_inbound,,"Notifications showed ordinary Juliana Chan, Hu Kenneth, Mia Chang, personal search-appearance, SignalCraft Labs search-analytics, Ashley Papa profile-view, and recommendation/company activity; no qualified SignalCraft inquiry or message",no action
2026-08-01,linkedin,SignalCraft Labs company page,https://www.linkedin.com/company/133375131/admin/dashboard/,company_page_check,observed_no_inbound,,"Admin dashboard showed 1 follower, 0 search analytics, 0 new followers, 0 post impressions, 0 company page visitors, and quick-promote prompts only",no paid ads; monitor inbox and activity
2026-08-01,linkedin,SignalCraft Labs company inbox,https://www.linkedin.com/company/133375131/admin/inbox/,company_page_check,observed_empty,,Company inbox showed `无消息` and `暂时没有消息`,no action
2026-08-01,linkedin,SignalCraft Labs company activity,https://www.linkedin.com/company/133375131/admin/notifications/all/,company_page_check,observed_empty,,Company activity page showed `没有主页动态` with no comments mentions reactions reposts analytics alerts or featured content requiring action,no action
2026-08-01,linkedin,LinkedIn account security,https://www.linkedin.com/mypreferences/d/categories/sign-in-and-security,account_check,observed_normal,,Login and security page loaded normal settings with two-step verification on; no visible restriction CAPTCHA OTP or identity-verification blocker,no action
2026-08-01,linkedin,SignalCraft Labs visitors analytics,https://www.linkedin.com/company/133375131/admin/analytics/visitors/,company_page_check,observed_visitor_analytics,,"Visitor analytics for 2026-07-01 to 2026-07-30 showed 5 page views, 1 unique visitor, and 0 custom-button clicks",no action
2026-08-02,linkedin,LinkedIn unread messages,https://www.linkedin.com/messaging/?filter=unread,account_check,observed_none,,LinkedIn unread-message filter showed `无unread消息` and `No messages…yet!`; no CAPTCHA OTP identity verification account restriction or security warning was visible,no action
2026-08-02,linkedin,Alexander Yan,https://www.linkedin.com/in/alexander-yan-64766b227/,broker_api,observed_no_reply,,LinkedIn messaging list showed 2026-07-07 outbound follow-up as latest visible item with no unread indicator; unread filter showed no unread messages,wait for reply or submitted Brief
2026-08-02,linkedin,Richard Clarke,https://www.linkedin.com/in/clarkerichard/,broker_api,observed_no_reply,,LinkedIn messaging list showed 2026-07-07 outbound follow-up as latest visible item with no unread indicator; unread filter showed no unread messages,wait for reply or submitted Brief
2026-08-02,linkedin,Hu Kenneth,https://www.linkedin.com/in/hukenneth/,crypto_asset_reporting,observed_closed,,"LinkedIn messaging list still showed the 2026-07-12 acknowledgment `Understood, thanks Kenneth.` as latest visible action with no unread indicator",closed unqualified; no further outreach unless Hu reopens thread
2026-08-02,linkedin,Hannah Jenkins,https://www.linkedin.com/in/hannah-jenkins-85bb12189/,tradingview_webhook,observed_pending,,LinkedIn sent-invitations page showed pending at 3 weeks with original note visible,wait for accept; do not resend
2026-08-02,linkedin,John Harper,https://www.linkedin.com/in/john-harper-787898164/,broker_api,observed_pending,,LinkedIn sent-invitations page showed pending at 3 weeks with original note visible,wait for accept; do not resend
2026-08-02,linkedin,"Patrick Camuso, CPA",https://www.linkedin.com/in/patrickcamuso/,crypto_accounting_referral,observed_pending,,LinkedIn sent-invitations page showed pending at 1 month with crypto accounting handoff note visible,wait for accept; do not resend
2026-08-02,linkedin,"Ashley Papa, MBA, CTFA",https://www.linkedin.com/in/ashleypapa/,wealth_advisor,observed_pending,,LinkedIn sent-invitations page showed pending at 1 month with crypto reporting and reconciliation note visible,wait for accept; do not resend
2026-08-02,linkedin,Saloni Tolia,https://www.linkedin.com/in/saloni-tolia/,crypto_accounting_reconciliation,observed_pending,,LinkedIn sent-invitations page showed `会员 (5)` and Saloni Tolia pending with `1 周前发送`; the pending invite remains a contact gate,wait for accept; do not resend or message before acceptance/genuine reply
2026-08-02,linkedin,LinkedIn received invitations,https://www.linkedin.com/mynetwork/invitation-manager/received/,account_check,observed_none,,Received invitations page showed `全部 (0)` and `您没有新邀请` with recommendation cards only; no inbound invitation or accepted-contact action was available,no action
2026-08-02,linkedin,LinkedIn notifications,https://www.linkedin.com/notifications/?filter=all,account_check,observed_no_qualified_inbound,,"Notifications showed ordinary Alexander Yan repost, HSBC job, Juliana Chan, Hu Kenneth, Mia Chang, personal search-appearance, company and follow-recommendation activity; no qualified SignalCraft inquiry or message",no action
2026-08-02,linkedin,SignalCraft Labs company page,https://www.linkedin.com/company/133375131/admin/dashboard/,company_page_check,observed_no_inbound,,"Admin dashboard showed 1 follower, 0 search analytics, 0 new followers, 0 dynamic/post impressions, 0 company page visitors, and quick-promote prompts only",no paid ads; monitor inbox and activity
2026-08-02,linkedin,SignalCraft Labs company inbox,https://www.linkedin.com/company/133375131/admin/inbox/,company_page_check,observed_empty,,Company inbox showed `无消息` and `暂时没有消息`,no action
2026-08-02,linkedin,SignalCraft Labs company activity,https://www.linkedin.com/company/133375131/admin/notifications/all/,company_page_check,observed_empty,,Company activity page showed `没有主页动态` with no comments mentions reactions reposts analytics alerts or featured content requiring action,no action
2026-08-02,linkedin,LinkedIn account security,https://www.linkedin.com/mypreferences/d/categories/sign-in-and-security,account_check,observed_normal,,Login and security page loaded normal settings with two-step verification on; no visible restriction CAPTCHA OTP or identity-verification blocker,no action
2026-08-02,linkedin,SignalCraft Labs visitors analytics,https://www.linkedin.com/company/133375131/admin/analytics/visitors/,company_page_check,observed_visitor_analytics,,"Visitor analytics for 2026-07-02 to 2026-07-31 showed 5 page views, 1 unique visitor, and 0 custom-button clicks",no action
2026-08-03,linkedin,LinkedIn messaging,https://www.linkedin.com/messaging/,account_check,observed_no_reply,,Unread filter showed `无unread消息`; visible outreach threads still showed Hu Kenneth with the 2026-07-12 acknowledgement and Richard Clarke plus Alexander Yan with 2026-07-07 outbound follow-ups,wait for genuine inbound reply or accepted-contact thread
2026-08-03,linkedin,Hu Kenneth,https://www.linkedin.com/in/hukenneth/,crypto_asset_reporting,observed_closed,,"Exact active thread still showed the prior in-lane messages, Hu's 2026-07-11 decline, and the 2026-07-12 acknowledgement `Understood, thanks Kenneth.` as the latest visible SignalCraft action",no further outreach unless Hu reopens thread
2026-08-03,linkedin,Richard Clarke,https://www.linkedin.com/in/richardclarke01/,broker_api,observed_no_reply,,Messaging list still showed only the 2026-07-07 outbound SignalCraft follow-up; no genuine inbound reply visible,wait for reply or submitted Brief
2026-08-03,linkedin,Alexander Yan,https://www.linkedin.com/in/alexander-yan-64766b227/,broker_api,observed_no_reply,,"Messaging list still showed only the 2026-07-07 outbound SignalCraft follow-up; notification activity was a repost, not a reply",wait for reply or submitted Brief
2026-08-03,linkedin,Saloni Tolia,https://www.linkedin.com/in/saloni-tolia/,crypto_accounting_reconciliation,observed_pending,,LinkedIn sent-invitations page showed `会员 (5)` and Saloni Tolia pending with `1 周前发送`; no pre-acceptance message sent,wait for accept; do not resend or message before acceptance/genuine reply
2026-08-03,linkedin,Hannah Jenkins,https://www.linkedin.com/in/hannah-jenkins-85bb12189/,tradingview_webhook,observed_pending,,LinkedIn sent-invitations page showed Hannah Jenkins pending with `1 个月前发送` and original note visible,wait for accept; do not resend
2026-08-03,linkedin,John Harper,https://www.linkedin.com/in/john-harper-787898164/,broker_api,observed_pending,,LinkedIn sent-invitations page showed John Harper pending with `1 个月前发送` and original note visible,wait for accept; do not resend
2026-08-03,linkedin,"Patrick Camuso, CPA",https://www.linkedin.com/in/patrickcamuso/,crypto_accounting_referral,observed_pending,,"LinkedIn sent-invitations page showed Patrick Camuso, CPA pending with `1 个月前发送` and crypto accounting handoff note visible",wait for accept; do not resend
2026-08-03,linkedin,"Ashley Papa, MBA, CTFA",https://www.linkedin.com/in/ashleypapa/,wealth_advisor,observed_pending,,"LinkedIn sent-invitations page showed Ashley Papa, MBA, CTFA pending with `1 个月前发送` and crypto reporting/reconciliation note visible",wait for accept; do not resend
2026-08-03,linkedin,LinkedIn received invitations,https://www.linkedin.com/mynetwork/invitation-manager/received/,account_check,observed_none,,Received invitations page showed `全部 (0)` and `您没有新邀请`; recommendation cards only,no action
2026-08-03,linkedin,LinkedIn notifications,https://www.linkedin.com/notifications/?filter=all,account_check,observed_no_qualified_inbound,,"Notifications showed one unread Juliana Chan network comment plus Alexander Yan repost activity; no qualified SignalCraft inquiry, message, acceptance, or page alert was visible",no action
2026-08-03,linkedin,SignalCraft Labs company inbox,https://www.linkedin.com/company/133375131/admin/inbox/,company_page_check,observed_empty,,Company inbox showed `无消息` and `暂时没有消息`,no action
2026-08-03,linkedin,SignalCraft Labs company activity,https://www.linkedin.com/company/133375131/admin/notifications/all/,company_page_check,observed_empty,,"Company activity page showed `没有主页动态`; no comments, mentions, reactions, reposts, analytics alerts, or featured content requiring action",no action
2026-08-03,linkedin,SignalCraft Labs company page,https://www.linkedin.com/company/133375131/admin/dashboard/,company_page_check,observed_no_inbound,,"Admin dashboard showed 1 follower, 0 search analytics, 0 new followers, 0 dynamic/post impressions, 0 company page visitors, and quick-promote prompts only",no paid ads; monitor inbox and activity
2026-08-03,linkedin,SignalCraft Labs visitors analytics,https://www.linkedin.com/company/133375131/admin/analytics/visitors/,company_page_check,observed_visitor_analytics,,"Visitor analytics date range 2026-07-03 to 2026-08-01 showed 5 page views, 1 unique visitor, and 0 custom-button clicks",no action
2026-08-03,linkedin,LinkedIn account security,https://www.linkedin.com/mypreferences/d/categories/sign-in-and-security,account_check,observed_normal,,"Login and security page loaded normal settings with two-step verification on; no visible restriction, CAPTCHA, OTP, login prompt, or identity-verification blocker",no action
2026-08-04,linkedin,LinkedIn messages,https://www.linkedin.com/messaging/,account_check,observed_no_unread_or_inbound,,Messaging showed no unread count and visible outreach threads had latest messages from the account; no qualified inbound reply visible,no reply sent
2026-08-04,linkedin,"Ashley Papa, MBA, CTFA",https://www.linkedin.com/in/ashleypapa/,wealth_advisor,observed_accepted_followup_sent,,"Messaging showed Ashley Papa, MBA, CTFA as 1st-degree with account outbound crypto-reporting opener sent 2026-08-03 23:44; sent-invitations page no longer listed Ashley and showed members (4)",wait for reply; do not duplicate follow-up
2026-08-04,linkedin,Alexander Yan,https://www.linkedin.com/in/alexander-yan-64766b227/,broker_api,observed_no_reply,,Messaging list still showed 2026-07-07 account follow-up as latest visible action; no inbound reply visible,wait for reply or submitted Brief
2026-08-04,linkedin,Richard Clarke,https://www.linkedin.com/in/clarkerichard/,broker_api,observed_no_reply,,Messaging list still showed 2026-07-07 account follow-up as latest visible action; no inbound reply visible,wait for reply or submitted Brief
2026-08-04,linkedin,Hu Kenneth,https://www.linkedin.com/in/hukenneth/,warm_profile_view,observed_closed_no_reopen,,"Messaging list still showed 2026-07-12 account acknowledgment `Understood, thanks Kenneth.` as latest visible action; no reopen visible",no further outreach unless Hu reopens thread
2026-08-04,linkedin,Saloni Tolia,https://www.linkedin.com/in/saloni-tolia/,crypto_accounting_reconciliation,observed_pending,,LinkedIn sent-invitations page showed Saloni Tolia pending with `1 周前发送`,wait for accept; do not resend
2026-08-04,linkedin,Hannah Jenkins,https://www.linkedin.com/in/hannah-jenkins-85bb12189/,tradingview_webhook,observed_pending,,LinkedIn sent-invitations page showed Hannah Jenkins pending with `1 个月前发送` and prior note visible,wait for accept; do not resend
2026-08-04,linkedin,John Harper,https://www.linkedin.com/in/john-harper-787898164/,broker_api,observed_pending,,LinkedIn sent-invitations page showed John Harper pending with `1 个月前发送` and prior note visible,wait for accept; do not resend
2026-08-04,linkedin,"Patrick Camuso, CPA",https://www.linkedin.com/in/patrickcamuso/,crypto_accounting_referral,observed_pending,,"LinkedIn sent-invitations page showed Patrick Camuso, CPA pending with `1 个月前发送` and crypto reporting/reconciliation note visible",wait for accept; do not resend
2026-08-04,linkedin,LinkedIn received invitations,https://www.linkedin.com/mynetwork/invitation-manager/received/,account_check,observed_none,,Received invitations page showed `您没有新邀请`; no newly accepted-contact action was available there,no action
2026-08-04,linkedin,LinkedIn notifications,https://www.linkedin.com/notifications/?filter=all,account_check,observed_no_qualified_inbound,,"Notifications showed ordinary network and crypto/digital-asset posts from Dane Nielson, Juliana Chan, Alexander Yan, and Hu Kenneth; no qualified SignalCraft inquiry, message, acceptance, or page alert was visible",no action
2026-08-04,linkedin,SignalCraft Labs company inbox,https://www.linkedin.com/company/133375131/admin/inbox/,company_page_check,observed_empty,,Company inbox showed `无消息` and `暂时没有消息`,no action
2026-08-04,linkedin,SignalCraft Labs company activity,https://www.linkedin.com/company/133375131/admin/notifications/all/,company_page_check,observed_empty,,"Company activity page showed `没有主页动态`; no comments, mentions, reactions, reposts, analytics alerts, or featured content requiring action",no action
2026-08-04,linkedin,SignalCraft Labs company page,https://www.linkedin.com/company/133375131/admin/dashboard/,company_page_check,observed_no_inbound,,"Admin dashboard showed 1 follower, 0 search analytics, 0 new followers, 0 dynamic/post impressions, 0 company page visitors, and quick-promote prompts only",no paid ads; monitor inbox and activity
2026-08-04,linkedin,SignalCraft Labs visitors analytics,https://www.linkedin.com/company/133375131/admin/analytics/visitors/,company_page_check,observed_visitor_analytics,,"Visitor analytics date range 2026-07-04 to 2026-08-02 showed 5 page views, 1 unique visitor, and 0 custom-button clicks",no action
2026-08-04,linkedin,LinkedIn account security,https://www.linkedin.com/mypreferences/d/categories/sign-in-and-security,account_check,observed_normal,,"Login and security page loaded normal settings with two-step verification visible; no visible restriction, CAPTCHA, OTP, login prompt, or identity-verification blocker",no action
2026-08-04,linkedin,Sami Ul Haq,https://www.linkedin.com/in/samiulhaq203/,crypto_accounting_reconciliation,invite_sent,143,Profile showed 2nd-degree Crypto Accountant / Blockchain Financial Reporting & Reconciliation fit; invite editor showed 3 personalized invitations remaining and 0/200; sent no-link note; profile readback showed `待处理，点击撤回发送给Sami Ul Haq的邀请`,wait for accept; do not resend or message before acceptance/genuine reply
2026-08-04,linkedin,Saloni Tolia,https://www.linkedin.com/in/saloni-tolia/,crypto_accounting_reconciliation,deferred_pending_invite,,"Profile showed Financial Operations / Crypto FinTech / crypto trade reconciliation fit, but current action was `待处理，点击撤回发送给Saloni Tolia的邀请`; no resend, withdrawal, or message sent",wait for accept; do not resend or message before acceptance/genuine reply
2026-08-05,linkedin,LinkedIn unread messages,https://www.linkedin.com/messaging/?filter=unread,account_check,observed_none,,Unread-message filter showed `无unread消息` and `No messages…yet!`; no CAPTCHA OTP identity verification account restriction or security warning was visible,no action
2026-08-05,linkedin,LinkedIn messages,https://www.linkedin.com/messaging/,account_check,observed_no_unread_or_inbound,,Messaging showed no unread messages; outreach thread list latest visible actions were account outbound messages; no genuine inbound reply visible,no reply sent
2026-08-05,linkedin,"Ashley Papa, MBA, CTFA",https://www.linkedin.com/in/ashleypapa/,wealth_advisor,observed_no_reply,,Exact active thread showed Ashley as 1st-degree with account outbound crypto-reporting opener sent 2026-08-03 at 23:44 as latest visible action,wait for reply; do not duplicate follow-up
2026-08-05,linkedin,Alexander Yan,https://www.linkedin.com/in/alexander-yan-64766b227/,broker_api,observed_no_reply,,Messaging list still showed 2026-07-07 account follow-up as latest visible action; no inbound reply visible,wait for reply or submitted Brief
2026-08-05,linkedin,Richard Clarke,https://www.linkedin.com/in/clarkerichard/,broker_api,observed_no_reply,,Messaging list still showed 2026-07-07 account follow-up as latest visible action; no inbound reply visible,wait for reply or submitted Brief
2026-08-05,linkedin,Hu Kenneth,https://www.linkedin.com/in/hukenneth/,warm_profile_view,observed_closed_no_reopen,,"Messaging list still showed 2026-07-12 account acknowledgment `Understood, thanks Kenneth.` as latest visible action; no reopen visible",no further outreach unless Hu reopens thread
2026-08-05,linkedin,Sami Ul Haq,https://www.linkedin.com/in/samiulhaq203/,crypto_accounting_reconciliation,observed_pending,,LinkedIn sent-invitations page showed Sami Ul Haq pending with `22 小时前已发送` and the 2026-08-04 no-link crypto reporting workflow note visible,wait for accept; do not resend or message before acceptance/genuine reply
2026-08-05,linkedin,Saloni Tolia,https://www.linkedin.com/in/saloni-tolia/,crypto_accounting_reconciliation,observed_pending,,LinkedIn sent-invitations page showed Saloni Tolia pending with `1 周前发送`,wait for accept; do not resend or message before acceptance/genuine reply
2026-08-05,linkedin,Hannah Jenkins,https://www.linkedin.com/in/hannah-jenkins-85bb12189/,tradingview_webhook,observed_pending,,LinkedIn sent-invitations page showed Hannah Jenkins pending with `1 个月前发送` and prior note visible,wait for accept; do not resend
2026-08-05,linkedin,John Harper,https://www.linkedin.com/in/john-harper-787898164/,broker_api,observed_pending,,LinkedIn sent-invitations page showed John Harper pending with `1 个月前发送` and prior note visible,wait for accept; do not resend
2026-08-05,linkedin,"Patrick Camuso, CPA",https://www.linkedin.com/in/patrickcamuso/,crypto_accounting_referral,observed_pending,,"LinkedIn sent-invitations page showed Patrick Camuso, CPA pending with `1 个月前发送` and crypto reporting/reconciliation note visible",wait for accept; do not resend
2026-08-05,linkedin,LinkedIn received invitations,https://www.linkedin.com/mynetwork/invitation-manager/received/,account_check,observed_none,,Received invitations page showed `重点关注 (0 个)` and `您没有新邀请`; recommendation cards only,no action
2026-08-05,linkedin,LinkedIn notifications,https://www.linkedin.com/notifications/?filter=all,account_check,observed_no_qualified_inbound,,"Notifications showed ordinary Andrew LIU, Dane Nielson, Juliana Chan, Hu Kenneth, and Alexander Yan network/content activity; no qualified SignalCraft inquiry, message, acceptance, or page alert was visible",no action
2026-08-05,linkedin,SignalCraft Labs company page,https://www.linkedin.com/company/133375131/admin/dashboard/,company_page_check,observed_no_inbound,,"Admin dashboard showed 1 follower, 0 search analytics, 0 new followers, 0 dynamic impressions, 0 company page visitors, and quick-promote prompts only",no paid ads; monitor inbox and activity
2026-08-05,linkedin,SignalCraft Labs company inbox,https://www.linkedin.com/company/133375131/admin/inbox/,company_page_check,observed_empty,,Company inbox showed `无消息` and `暂时没有消息`,no action
2026-08-05,linkedin,SignalCraft Labs company activity,https://www.linkedin.com/company/133375131/admin/notifications/all/,company_page_check,observed_empty,,Company activity page showed `没有主页动态`; no comments mentions reactions reposts analytics alerts or featured content requiring action,no action
2026-08-05,linkedin,SignalCraft Labs visitors analytics,https://www.linkedin.com/company/133375131/admin/analytics/visitors/,company_page_check,observed_visitor_analytics,,"Visitor analytics date range 2026-07-05 to 2026-08-03 showed 5 page views, 1 unique visitor, and 0 custom-button clicks",no action
2026-08-05,linkedin,LinkedIn account security,https://www.linkedin.com/mypreferences/d/categories/sign-in-and-security,account_check,observed_normal,,Login and security page loaded normal settings with email yfjelley@gmail.com and two-step verification on; no visible restriction CAPTCHA OTP login prompt or identity-verification blocker,no action
2026-08-05T20:56:58+0800,linkedin,LinkedIn active sessions,https://www.linkedin.com/mypreferences/d/manage-sessions,account_check,observed_ambiguous_session,,Active sessions showed current Mac Chrome plus Windows Chrome last active about one day earlier from the same broad Los Angeles and IP context; Windows ownership was ambiguous so no session was terminated,confirm whether the Windows session is user-owned before any revoke
2026-08-05T20:56:58+0800,linkedin,SignalCraft Labs company page,https://www.linkedin.com/company/133375131/admin/edit,company_page_optimization,updated_specialties,,Saved and read back eight specialties: Crypto Asset Reporting; Reconciliation Workflows; Exchange Data Integration; Wallet Data Processing; Exception Management; Audit Trails; Read-Only Data Workflows; Private Deployment,monitor page discovery and preserve current CTA
2026-08-05T20:56:58+0800,linkedin,SignalCraft Labs evidence-flow post,https://www.linkedin.com/feed/update/urn:li:share:7490752564980969472?actorCompanyId=133375131,company_content,published,,Public post readback showed the complete evidence-flow body three hashtags original image and descriptive alt text,monitor organic engagement; no paid promotion
2026-08-05T20:56:58+0800,linkedin,Current-lane invitation gate,https://www.linkedin.com/mynetwork/,outreach_review,no_send_off_lane,,All five ready_uncontacted_quota rows were historical broker API trading automation or private-deployment candidates and did not fit the active Crypto Asset Reporting and reconciliation lane,source a current-lane high-intent candidate before any new invite
2026-08-06T10:42:56+0800,linkedin,"Ashley Papa, MBA, CTFA",https://www.linkedin.com/in/ashleypapa/,wealth_advisor,deferred_no_reply_existing_opener,,"Exact active thread showed Ashley as 1st-degree and only the account outbound crypto-reporting opener sent Monday 23:44 / 2026-08-03; no inbound reply was visible, so no duplicate follow-up was sent",wait for genuine reply; do not duplicate follow-up
2026-08-06T10:42:56+0800,linkedin,Sami Ul Haq,https://www.linkedin.com/in/samiulhaq203/,crypto_accounting_reconciliation,deferred_pending_invite,,"Sent-invitations page showed members (5), Sami Ul Haq pending with `2 天前发送`, `撤回`, and the 2026-08-04 143-character no-link crypto reporting workflow note visible; no resend, withdrawal, or message was sent",wait for accept; do not resend or message before acceptance/genuine reply
2026-08-06T10:42:56+0800,linkedin,LinkedIn unread messages,https://www.linkedin.com/messaging/?filter=unread,account_check,observed_none,,"Unread-message filter showed `无unread消息` and `No messages…yet!`; no CAPTCHA, OTP, identity verification, account restriction, or security warning was visible",no action
2026-08-06T10:42:56+0800,linkedin,LinkedIn messages,https://www.linkedin.com/messaging/,account_check,observed_no_unread_or_inbound,,"Messaging showed no unread messages; outreach thread list latest visible actions were account outbound messages for Ashley, Alexander, Richard, and Hu; no genuine inbound reply visible",no reply sent
2026-08-06T10:42:56+0800,linkedin,Alexander Yan,https://www.linkedin.com/in/alexander-yan-64766b227/,broker_api,observed_no_reply,,Messaging list still showed the 2026-07-07 account follow-up as latest visible action; no inbound reply visible,wait for reply or submitted Brief
2026-08-06T10:42:56+0800,linkedin,Richard Clarke,https://www.linkedin.com/in/clarkerichard/,broker_api,observed_no_reply,,Messaging list still showed the 2026-07-07 account follow-up as latest visible action; no inbound reply visible,wait for reply or submitted Brief
2026-08-06T10:42:56+0800,linkedin,Hu Kenneth,https://www.linkedin.com/in/hukenneth/,warm_profile_view,observed_closed_no_reopen,,"Messaging list still showed the 2026-07-12 account acknowledgment `Understood, thanks Kenneth.` as latest visible action; no reopen visible",no further outreach unless Hu reopens thread
2026-08-06T10:42:56+0800,linkedin,Saloni Tolia,https://www.linkedin.com/in/saloni-tolia/,crypto_accounting_reconciliation,observed_pending,,"LinkedIn sent-invitations page showed Saloni Tolia pending with `2 周前发送`; no resend, withdrawal, or message was sent",wait for accept; do not resend or message before acceptance/genuine reply
2026-08-06T10:42:56+0800,linkedin,Hannah Jenkins,https://www.linkedin.com/in/hannah-jenkins-85bb12189/,tradingview_webhook,observed_pending,,LinkedIn sent-invitations page showed Hannah Jenkins pending with `1 个月前发送` and prior note visible; no resend or withdrawal was sent,wait for accept; do not resend
2026-08-06T10:42:56+0800,linkedin,John Harper,https://www.linkedin.com/in/john-harper-787898164/,broker_api,observed_pending,,LinkedIn sent-invitations page showed John Harper pending with `1 个月前发送` and prior note visible; no resend or withdrawal was sent,wait for accept; do not resend
2026-08-06T10:42:56+0800,linkedin,"Patrick Camuso, CPA",https://www.linkedin.com/in/patrickcamuso/,crypto_accounting_referral,observed_pending,,"LinkedIn sent-invitations page showed Patrick Camuso, CPA pending with `1 个月前发送` and crypto reporting/reconciliation note visible; no resend or withdrawal was sent",wait for accept; do not resend
2026-08-06T10:42:56+0800,linkedin,LinkedIn received invitations,https://www.linkedin.com/mynetwork/invitation-manager/received/,account_check,observed_none,,Received invitations page showed `重点关注 (0 个)` and `您没有新邀请`; recommendation cards only,no action
2026-08-06T10:42:56+0800,linkedin,LinkedIn notifications,https://www.linkedin.com/notifications/?filter=all,account_check,observed_off_lane_request,,Notifications showed a SignalCraft Labs project-management request alert from Evan Xu plus ordinary post/network activity; no qualified Crypto Asset Reporting or reconciliation inquiry was visible,inspect request and do not reply unless on-lane
2026-08-06T10:42:56+0800,linkedin,Evan Xu,https://www.linkedin.com/service-marketplace/provider/requests/?serviceVanityName=140373346237789218,company_service_request,blocked_off_lane_solicitation,,"Project request details advertised custom centrifugal pumps, spare parts, and www.corehprt.com; it did not match Crypto Asset Reporting/reconciliation and requested no valid SignalCraft service scope",escalate/no reply; ignore unless user wants off-lane vendor handling
2026-08-06T10:42:56+0800,linkedin,SignalCraft Labs company page,https://www.linkedin.com/company/133375131/admin/dashboard/,company_page_check,observed_no_inbound,,"Admin dashboard showed 1 follower, 0 search analytics, 0 new followers, 0 dynamic impressions, 0 company page visitors, and quick-promote prompts only; no paid promotion was enabled",no paid ads; monitor inbox and activity
2026-08-06T10:42:56+0800,linkedin,SignalCraft Labs company inbox,https://www.linkedin.com/company/133375131/admin/inbox/,company_page_check,observed_empty,,Company inbox showed `无消息` and `暂时没有消息`,no action
2026-08-06T10:42:56+0800,linkedin,SignalCraft Labs company activity,https://www.linkedin.com/company/133375131/admin/notifications/all/,company_page_check,observed_self_reshare_only,,"Company activity showed Yang Feng reshared the company post; no external comments, mentions, reactions, reposts, or analytics alerts requiring action were visible",no action
2026-08-06T10:42:56+0800,linkedin,SignalCraft Labs visitors analytics,https://www.linkedin.com/company/133375131/admin/analytics/visitors/,company_page_check,observed_visitor_analytics,,"Visitor analytics date range 2026-07-06 to 2026-08-04 showed 5 page views, 1 unique visitor, and 0 custom-button clicks",no action
2026-08-06T10:42:56+0800,linkedin,LinkedIn account security,https://www.linkedin.com/mypreferences/d/categories/sign-in-and-security,account_check,observed_normal,,"Login and security page loaded normal settings with email yfjelley@gmail.com and two-step verification on; no visible restriction, CAPTCHA, OTP, login prompt, or identity-verification blocker",no action
2026-08-07T09:35:06+0800,linkedin,LinkedIn unread messages,https://www.linkedin.com/messaging/?filter=unread,daily_reply_check,observed_no_unread,,"Unread filter showed `无unread消息` / `No messages…yet!`; no CAPTCHA, OTP, login prompt, identity verification, restriction, or security warning",no reply sent; monitor genuine inbound replies
2026-08-07T09:35:06+0800,linkedin,Known outreach message threads,https://www.linkedin.com/messaging/,daily_reply_check,observed_no_inbound,,Ashley Papa thread showed only the 2026-08-03 outbound crypto-reporting opener; Hu Kenneth still showed 2026-07-12 acknowledgment; Richard Clarke and Alexander Yan still showed 2026-07-07 outbound follow-ups,no duplicate follow-up; wait for genuine replies
2026-08-07T09:35:06+0800,linkedin,Sent invitations,https://www.linkedin.com/mynetwork/invitation-manager/sent/,invitation_check,observed_five_pending,,"Sent invitations showed members (5): Sami Ul Haq 2 days pending, Saloni Tolia 2 weeks pending, Hannah Jenkins, John Harper, and Patrick Camuso CPA 1 month pending; Ashley Papa absent from sent invites","do not resend, withdraw, or message before acceptance/genuine reply"
2026-08-07T09:35:06+0800,linkedin,Received invitations,https://www.linkedin.com/mynetwork/invitation-manager/received/,invitation_check,observed_none,,Received invitations showed `重点关注 (0 个)` and `您没有新邀请`; recommendations only,no inbound invitation action
2026-08-07T09:35:06+0800,linkedin,SignalCraft Labs company mention,https://www.linkedin.com/company/133375131/admin/notifications/all/,company_page_check,observed_mention_no_reply,,"Company activity showed The Network Firm mentioned SignalCraft Labs 11 hours earlier on an attestation/evidence-trail comment; exact post also showed SignalCraft Labs had already reacted/commented, so an additional reply would be duplicative",monitor; no duplicate public reply
2026-08-07T09:35:06+0800,linkedin,SignalCraft Labs company inbox,https://www.linkedin.com/company/133375131/admin/inbox/,company_page_check,observed_empty,,Company inbox showed `无消息` and `暂时没有消息`,no action
2026-08-07T09:35:06+0800,linkedin,SignalCraft Labs company dashboard,https://www.linkedin.com/company/133375131/admin/dashboard/,company_page_check,observed_dashboard,,"Admin dashboard showed 1 follower, 0 search analytics, 0 new followers, 36 dynamic impressions, 0 company page visitors, and quick-promote prompts only; no paid promotion was enabled",no paid ads; monitor activity
2026-08-07T09:35:06+0800,linkedin,SignalCraft Labs visitor analytics,https://www.linkedin.com/company/133375131/admin/analytics/visitors/,company_page_check,observed_visitor_analytics,,"Visitor analytics date range 2026-07-07 to 2026-08-05 showed 5 page views, 1 unique visitor, and 0 custom-button clicks",no action
2026-08-07T09:35:06+0800,linkedin,LinkedIn account security,https://www.linkedin.com/mypreferences/d/categories/sign-in-and-security,account_check,observed_normal,,"Login and security page loaded normal settings with two-step verification on; no visible restriction, CAPTCHA, OTP, login prompt, or identity-verification blocker",no action
2026-08-07T16:33:35+0800,linkedin,LinkedIn unread messages,https://www.linkedin.com/messaging/?filter=unread,weekly_operating_review,observed_no_unread,,"Unread filter showed `无unread消息` / `No messages…yet!`; no CAPTCHA, OTP, login prompt, identity verification, restriction, or security warning was visible",no reply sent; monitor genuine inbound replies
2026-08-07T16:33:35+0800,linkedin,Known outreach message threads,https://www.linkedin.com/messaging/,weekly_operating_review,observed_no_inbound,,Ashley Papa thread still showed only the 2026-08-03 23:44 outbound crypto-reporting opener; Hu Kenneth still showed the 2026-07-12 acknowledgment; Richard Clarke and Alexander Yan still showed the 2026-07-07 outbound follow-ups,no duplicate follow-up; wait for genuine replies
2026-08-07T16:33:35+0800,linkedin,Sent invitations,https://www.linkedin.com/mynetwork/invitation-manager/sent/,weekly_operating_review,observed_five_pending,,"Sent invitations showed members (5): Sami Ul Haq 3 days pending, Saloni Tolia 2 weeks pending, Hannah Jenkins, John Harper, and Patrick Camuso CPA 1 month pending; Ashley Papa absent from sent invites","do not resend, withdraw, or message before acceptance/genuine reply"
2026-08-07T16:33:35+0800,linkedin,Received invitations,https://www.linkedin.com/mynetwork/invitation-manager/received/,weekly_operating_review,observed_none,,Received invitations showed `重点关注 (0 个)` and `您没有新邀请`; recommendations only,no inbound invitation action
2026-08-07T16:33:35+0800,linkedin,SignalCraft Labs company dashboard,https://www.linkedin.com/company/133375131/admin/dashboard/,weekly_operating_review,observed_dashboard,,"Admin dashboard showed 1 follower, 0 search analytics, 0 new followers, 36 dynamic impressions, 0 company page visitors, and quick-promote prompts only; no paid promotion was enabled",no paid ads; monitor activity
2026-08-07T16:33:35+0800,linkedin,SignalCraft Labs company inbox,https://www.linkedin.com/company/133375131/admin/inbox/,weekly_operating_review,observed_empty,,Company inbox showed `无消息` and `暂时没有消息`,no action
2026-08-07T16:33:35+0800,linkedin,SignalCraft Labs company activity,https://www.linkedin.com/company/133375131/admin/notifications/all/,weekly_operating_review,observed_mention_no_reply,,Company activity showed The Network Firm mention on an attestation/evidence-trail comment and Yang Feng reshare of the company post; no company inbox item or additional non-duplicative public reply path was visible,monitor; no duplicate public reply
2026-08-07T16:33:35+0800,linkedin,SignalCraft Labs visitor analytics,https://www.linkedin.com/company/133375131/admin/analytics/visitors/,weekly_operating_review,observed_visitor_analytics,,"Visitor analytics date range 2026-07-07 to 2026-08-05 showed 5 page views, 1 unique visitor, and 0 custom-button clicks",no action
2026-08-07T16:33:35+0800,linkedin,SignalCraft Labs content analytics,https://www.linkedin.com/company/133375131/admin/analytics/updates/,weekly_operating_review,observed_content_analytics,,"Content analytics date range 2026-07-07 to 2026-08-05 showed 434 organic impressions, 0 ad impressions, 0 reactions, 0 comments, and 0 reposts in the summary; the 2026-08-05 post table showed 40 impressions, 0 clicks, 0 reactions, 0 comments, 1 repost, and 2.5% engagement",monitor organic only; no quick-promotion or ads
2026-08-07T16:33:35+0800,linkedin,LinkedIn account security,https://www.linkedin.com/mypreferences/d/categories/sign-in-and-security,weekly_operating_review,observed_normal,,"Login and security page loaded normal settings with two-step verification on; no visible restriction, CAPTCHA, OTP, login prompt, or identity-verification blocker",no action
2026-08-08T09:33:58+0800,linkedin,LinkedIn unread messages,https://www.linkedin.com/messaging/?filter=unread,daily_reply_check,observed_no_unread,,"Unread filter showed `无unread消息` / `No messages…yet!`; no CAPTCHA, OTP, login prompt, identity verification, restriction, or security warning was visible",no reply sent; monitor genuine inbound replies
2026-08-08T09:33:58+0800,linkedin,Known outreach message threads,https://www.linkedin.com/messaging/,daily_reply_check,observed_no_inbound,,Ashley Papa thread showed only the 2026-08-03 outbound crypto-reporting opener; Hu Kenneth still showed the 2026-07-12 acknowledgment; Richard Clarke and Alexander Yan still showed the 2026-07-07 outbound follow-ups,no duplicate follow-up; wait for genuine replies
2026-08-08T09:33:58+0800,linkedin,Sent invitations,https://www.linkedin.com/mynetwork/invitation-manager/sent/,invitation_check,observed_five_pending,,"Sent invitations showed members (5): Sami Ul Haq 3 days pending, Saloni Tolia 2 weeks pending, Hannah Jenkins, John Harper, and Patrick Camuso CPA 1 month pending; Ashley Papa absent from sent invites","do not resend, withdraw, or message before acceptance/genuine reply"
2026-08-08T09:33:58+0800,linkedin,Received invitations,https://www.linkedin.com/mynetwork/invitation-manager/received/,invitation_check,observed_none,,Received invitations showed `重点关注 (0 个)` and `您没有新邀请`; recommendations only,no inbound invitation action
2026-08-08T09:33:58+0800,linkedin,LinkedIn notifications,https://www.linkedin.com/notifications/,daily_reply_check,observed_ordinary_network_activity,,"Notifications showed ordinary Hu Kenneth, Andrew LIU, Wolfgang Rückerl, Erin Friez, and Richard Clarke content/network activity; no qualified SignalCraft inquiry, accepted invite alert, submitted brief, or on-lane message was visible",no reply sent; monitor real inbound activity
2026-08-08T09:33:58+0800,linkedin,SignalCraft Labs company inbox,https://www.linkedin.com/company/133375131/admin/inbox/,company_page_check,observed_empty,,Company inbox showed `无消息` and `暂时没有消息`,no action
2026-08-08T09:33:58+0800,linkedin,SignalCraft Labs company activity,https://www.linkedin.com/company/133375131/admin/notifications/all/,company_page_check,observed_self_reshare_no_external_reply,,Company activity showed Yang Feng reshared the SignalCraft Labs evidence-flow post and the post remained a featured/most-shared item; no company inbox item or non-duplicative external reply path was visible,monitor; no duplicate public reply
2026-08-08T09:33:58+0800,linkedin,SignalCraft Labs company dashboard,https://www.linkedin.com/company/133375131/admin/dashboard/,company_page_check,observed_dashboard,,"Admin dashboard showed 1 follower, 2 search analytics, 0 new followers, 41 dynamic impressions, 0 company page visitors, and quick-promote prompts only; no paid promotion was enabled",no paid ads; monitor activity
2026-08-08T09:33:58+0800,linkedin,SignalCraft Labs visitor analytics,https://www.linkedin.com/company/133375131/admin/analytics/visitors/,company_page_check,observed_visitor_analytics,,"Visitor analytics date range 2026-07-08 to 2026-08-06 showed 5 page views, 1 unique visitor, and 0 custom-button clicks",no action
2026-08-08T09:33:58+0800,linkedin,LinkedIn account security,https://www.linkedin.com/mypreferences/d/categories/sign-in-and-security,account_check,observed_normal,,"Login and security page loaded normal settings with primary email visible and two-step verification on; no visible restriction, CAPTCHA, OTP, login prompt, or identity-verification blocker",no action
2026-08-09T09:34:14+0800,linkedin,LinkedIn unread messages,https://www.linkedin.com/messaging/?filter=unread,daily_reply_check,observed_no_unread,,"Unread filter showed `无unread消息` / `No messages…yet!`; no CAPTCHA, OTP, login prompt, identity verification, restriction, or security warning was visible",no reply sent; monitor genuine inbound replies
2026-08-09T09:34:14+0800,linkedin,Known outreach message threads,https://www.linkedin.com/messaging/,daily_reply_check,observed_no_inbound,,Messaging list showed Ashley Papa latest visible action was the 2026-08-03 outbound crypto-reporting opener; Hu Kenneth latest visible action was the 2026-07-12 acknowledgment; Richard Clarke and Alexander Yan still showed 2026-07-07 outbound follow-ups; no genuine inbound reply visible,no duplicate follow-up; wait for genuine replies
2026-08-09T09:34:14+0800,linkedin,Sent invitations,https://www.linkedin.com/mynetwork/invitation-manager/sent/,invitation_check,observed_five_pending,,"Sent invitations showed members (5): Sami Ul Haq 4 days pending, Saloni Tolia 2 weeks pending, Hannah Jenkins, John Harper, and Patrick Camuso CPA 1 month pending; Ashley Papa absent from sent invites","do not resend, withdraw, or message before acceptance/genuine reply"
2026-08-09T09:34:14+0800,linkedin,Received invitations,https://www.linkedin.com/mynetwork/invitation-manager/received/,invitation_check,observed_none,,Received invitations showed `重点关注 (0 个)` and `您没有新邀请`; recommendations only,no inbound invitation action
2026-08-09T09:34:14+0800,linkedin,LinkedIn notifications,https://www.linkedin.com/notifications/,daily_reply_check,observed_service_request_off_lane,,"Notifications showed Richard Clarke commenting on another post plus a SignalCraft Labs project-management request alert from CAI-Mia JI and other clients; no qualified Crypto Asset Reporting/reconciliation inquiry, accepted invite alert, submitted brief, or on-lane message was visible",inspect service requests; do not reply unless on-lane
2026-08-09T09:34:14+0800,linkedin,CAI-Mia JI service request,https://www.linkedin.com/service-marketplace/provider/requests/?serviceVanityName=140373346237789218,company_service_request,blocked_off_lane_solicitation,,"Service request showed project management from Suzhou CAI Machine Group with company size 50-200, team size 50+, skills other, scope other, and no Crypto Asset Reporting/reconciliation need",escalate/no reply; ignore unless user wants off-lane vendor handling
2026-08-09T09:34:14+0800,linkedin,Deputy General Manager service request,https://www.linkedin.com/service-marketplace/provider/requests/?serviceVanityName=140373346237789218,company_service_request,blocked_off_lane_solicitation,,"Service request showed project management from Dalian, Microsoft Office skills, this-week timing, and a pump/spare-parts/service solicitation with www.corehprt.com; not a SignalCraft crypto reporting/reconciliation request",escalate/no reply; ignore unless user wants off-lane vendor handling
2026-08-09T09:34:14+0800,linkedin,SignalCraft Labs company inbox,https://www.linkedin.com/company/133375131/admin/inbox/,company_page_check,observed_empty,,Company inbox showed `无消息` and `暂时没有消息`,no action
2026-08-09T09:34:14+0800,linkedin,SignalCraft Labs company activity,https://www.linkedin.com/company/133375131/admin/notifications/all/,company_page_check,observed_self_reshare_no_external_reply,,Company activity showed Yang Feng reshared the SignalCraft Labs evidence-flow post and the same post remained featured/most-shared; no company inbox item or non-duplicative external reply path was visible,monitor; no duplicate public reply
2026-08-09T09:34:14+0800,linkedin,SignalCraft Labs company dashboard,https://www.linkedin.com/company/133375131/admin/dashboard/,company_page_check,observed_dashboard,,"Admin dashboard showed 1 follower, 2 search analytics, 0 new followers, 42 dynamic impressions, 0 company page visitors, and quick-promote prompts only; no paid promotion was enabled",no paid ads; monitor activity
2026-08-09T09:34:14+0800,linkedin,SignalCraft Labs visitor analytics,https://www.linkedin.com/company/133375131/admin/analytics/visitors/,company_page_check,observed_visitor_analytics,,"Visitor analytics date range 2026-07-09 to 2026-08-07 showed 5 page views, 1 unique visitor, and 0 custom-button clicks",no action
2026-08-09T09:34:14+0800,linkedin,LinkedIn account security,https://www.linkedin.com/mypreferences/d/categories/sign-in-and-security,account_check,observed_normal,,"Login and security page loaded normal settings with primary email visible and two-step verification on; no visible restriction, CAPTCHA, OTP, login prompt, or identity-verification blocker",no action
2026-08-10T09:33:06+0800,linkedin,LinkedIn unread messages,https://www.linkedin.com/messaging/?filter=unread,daily_reply_check,observed_no_unread,,"Unread filter showed `无unread消息` / `No messages…yet!`; no CAPTCHA, OTP, login prompt, identity verification, restriction, or security warning was visible",no reply sent; monitor genuine inbound replies
2026-08-10T09:33:06+0800,linkedin,Known outreach message threads,https://www.linkedin.com/messaging/,daily_reply_check,observed_no_inbound,,Messaging list showed Ashley Papa latest visible action was the 2026-08-03 outbound crypto-reporting opener; Hu Kenneth latest visible action was the 2026-07-12 acknowledgment; Richard Clarke and Alexander Yan still showed 2026-07-07 outbound follow-ups; no genuine inbound reply visible,no duplicate follow-up; wait for genuine replies
2026-08-10T09:33:06+0800,linkedin,Sent invitations,https://www.linkedin.com/mynetwork/invitation-manager/sent/,invitation_check,observed_five_pending,,"Sent invitations showed members (5): Sami Ul Haq 5 days pending, Saloni Tolia 2 weeks pending, Hannah Jenkins, John Harper, and Patrick Camuso CPA 1 month pending; Ashley Papa absent from sent invites","do not resend, withdraw, or message before acceptance/genuine reply"
2026-08-10T09:33:06+0800,linkedin,Received invitations,https://www.linkedin.com/mynetwork/invitation-manager/received/,invitation_check,observed_none,,Received invitations showed `重点关注 (0 个)` and `您没有新邀请`; recommendations only,no inbound invitation action
2026-08-10T09:33:06+0800,linkedin,LinkedIn notifications,https://www.linkedin.com/notifications/,daily_reply_check,observed_service_request_off_lane,,"Notifications showed ordinary Andrew LIU, Juliana Chan, Richard Clarke, Hu Kenneth, Wolfgang Rueckerl, and Erin Friez activity plus a SignalCraft Labs project-management request alert from CAI-Mia JI and other clients; no qualified Crypto Asset Reporting/reconciliation inquiry, accepted invite alert, submitted brief, or on-lane message was visible",inspect service requests; do not reply unless on-lane
2026-08-10T09:33:06+0800,linkedin,CAI-Mia JI service request,https://www.linkedin.com/service-marketplace/provider/requests/?serviceVanityName=140373346237789218,company_service_request,blocked_off_lane_solicitation,,"Service request showed project management from Suzhou CAI Machine Group with company size 50-200, team size 50+, skills other, scope other, and no Crypto Asset Reporting/reconciliation need",escalate/no reply; ignore unless user wants off-lane vendor handling
2026-08-10T09:33:06+0800,linkedin,Deputy General Manager service request,https://www.linkedin.com/service-marketplace/provider/requests/?serviceVanityName=140373346237789218,company_service_request,blocked_off_lane_solicitation,,"Service request showed project management from Dalian, Microsoft Office skills, this-week timing, and a pump/spare-parts/service solicitation with www.corehprt.com; not a SignalCraft crypto reporting/reconciliation request",escalate/no reply; ignore unless user wants off-lane vendor handling
2026-08-10T09:33:06+0800,linkedin,SignalCraft Labs company inbox,https://www.linkedin.com/company/133375131/admin/inbox/,company_page_check,observed_empty,,Company inbox showed `无消息` and `暂时没有消息`,no action
2026-08-10T09:33:06+0800,linkedin,SignalCraft Labs company activity,https://www.linkedin.com/company/133375131/admin/notifications/all/,company_page_check,observed_self_reshare_no_external_reply,,Company activity showed Yang Feng reshared the SignalCraft Labs evidence-flow post and the same post remained featured/most-shared; no company inbox item or non-duplicative external reply path was visible,monitor; no duplicate public reply
2026-08-10T09:33:06+0800,linkedin,SignalCraft Labs company dashboard,https://www.linkedin.com/company/133375131/admin/dashboard/,company_page_check,observed_dashboard,,"Admin dashboard showed 1 follower, 2 search analytics, 0 new followers, 42 dynamic impressions, 0 company page visitors, and quick-promote prompts only; no paid promotion was enabled",no paid ads; monitor activity
2026-08-10T09:33:06+0800,linkedin,SignalCraft Labs visitor analytics,https://www.linkedin.com/company/133375131/admin/analytics/visitors/,company_page_check,observed_visitor_analytics,,"Visitor analytics date range 2026-07-10 to 2026-08-08 showed 5 page views, 1 unique visitor, and 0 custom-button clicks",no action
2026-08-10T09:33:06+0800,linkedin,LinkedIn account security,https://www.linkedin.com/mypreferences/d/categories/sign-in-and-security,account_check,observed_normal,,"Login and security page loaded normal settings with primary email visible and two-step verification on; no visible restriction, CAPTCHA, OTP, login prompt, or identity-verification blocker",no action
2026-08-11T10:45:00+0800,linkedin,"Ashley Papa, MBA, CTFA",https://www.linkedin.com/in/ashleypapa/,wealth_advisor,deferred_no_reply_existing_opener,,"Profile showed Ashley Papa, MBA, CTFA as 1st-degree with 发消息; message list still showed only the 2026-08-03 outbound crypto-reporting opener and no inbound reply",wait for genuine reply; do not duplicate follow-up
2026-08-11T10:45:00+0800,linkedin,Sami Ul Haq,https://www.linkedin.com/in/samiulhaq203/,crypto_accounting_reconciliation,deferred_pending_invite,,Profile showed 2nd-degree Crypto Accountant with Blockchain Financial Reporting & Reconciliation and live action 待处理 / click to withdraw invitation,"wait for acceptance or genuine reply; do not resend, withdraw, or message before acceptance"
2026-08-11T09:47:45+0800,linkedin,LinkedIn unread messages,https://www.linkedin.com/messaging/?filter=unread,daily_reply_check,observed_no_unread,,"Unread filter showed `无unread消息` / `No messages…yet!`; no CAPTCHA, OTP, login prompt, identity verification, restriction, or security warning was visible",no reply sent; monitor genuine inbound replies
2026-08-11T09:47:45+0800,linkedin,Known outreach message threads,https://www.linkedin.com/messaging/,daily_reply_check,observed_no_inbound,,Messaging list showed Ashley Papa latest visible action was the 2026-08-03 outbound crypto-reporting opener; Hu Kenneth latest visible action was the 2026-07-12 acknowledgment; Richard Clarke and Alexander Yan still showed 2026-07-07 outbound follow-ups; no genuine inbound reply visible,no duplicate follow-up; wait for genuine replies
2026-08-11T09:47:45+0800,linkedin,Sent invitations,https://www.linkedin.com/mynetwork/invitation-manager/sent/,invitation_check,observed_five_pending,,"Sent invitations showed members (5): Sami Ul Haq 6 days pending, Saloni Tolia 2 weeks pending, Hannah Jenkins, John Harper, and Patrick Camuso CPA 1 month pending; Ashley Papa absent from sent invites","do not resend, withdraw, or message before acceptance/genuine reply"
2026-08-11T09:47:45+0800,linkedin,Received invitations,https://www.linkedin.com/mynetwork/invitation-manager/received/,invitation_check,observed_none,,Received invitations showed `重点关注 (0 个)` and `您没有新邀请`; recommendations only,no inbound invitation action
2026-08-11T09:47:45+0800,linkedin,LinkedIn notifications,https://www.linkedin.com/notifications/,daily_reply_check,observed_service_request_off_lane,,"Notifications showed an unread Richard Clarke repost plus a SignalCraft Labs project-management request alert from CAI-Mia JI and other clients; no qualified Crypto Asset Reporting/reconciliation inquiry, accepted invite alert, submitted brief, or on-lane message was visible",inspect service requests; do not reply unless on-lane
2026-08-11T09:47:45+0800,linkedin,CAI-Mia JI service request,https://www.linkedin.com/service-marketplace/provider/requests/?serviceVanityName=140373346237789218,company_service_request,blocked_off_lane_solicitation,,"Service request showed project management from Suzhou CAI Machine Group with company size 50-200, team size 50+, skills other, scope other, timing other, and no Crypto Asset Reporting/reconciliation need",escalate/no reply; ignore unless user wants off-lane vendor handling
2026-08-11T09:47:45+0800,linkedin,Deputy General Manager service request,https://www.linkedin.com/service-marketplace/provider/requests/?serviceVanityName=140373346237789218,company_service_request,blocked_off_lane_solicitation,,"Service request showed project management from Dalian, 50 or fewer company size, 5-10 team size, Microsoft Office skills, this-week timing, and a pump/spare-parts/service solicitation with www.corehprt.com; not a SignalCraft crypto reporting/reconciliation request",escalate/no reply; ignore unless user wants off-lane vendor handling
2026-08-11T09:47:45+0800,linkedin,SignalCraft Labs company inbox,https://www.linkedin.com/company/133375131/admin/inbox/,company_page_check,observed_empty,,Company inbox showed `无消息` and `暂时没有消息`,no action
2026-08-11T09:47:45+0800,linkedin,SignalCraft Labs company activity,https://www.linkedin.com/company/133375131/admin/notifications/all/,company_page_check,observed_self_reshare_no_external_reply,,Company activity showed Yang Feng reshared the SignalCraft Labs company post; no company inbox item or non-duplicative external reply path was visible,monitor; no duplicate public reply
2026-08-11T09:47:45+0800,linkedin,SignalCraft Labs company dashboard,https://www.linkedin.com/company/133375131/admin/dashboard/,company_page_check,observed_dashboard,,"Admin dashboard showed 1 follower, 4 search analytics, 0 new followers, 43 dynamic impressions, 0 company page visitors, and quick-promote prompts only; no paid promotion was enabled",no paid ads; monitor activity
2026-08-11T09:47:45+0800,linkedin,LinkedIn account security,https://www.linkedin.com/mypreferences/d/categories/sign-in-and-security,account_check,observed_normal,,"Login and security page loaded normal settings with primary email visible and two-step verification on; no visible restriction, CAPTCHA, OTP, login prompt, or identity-verification blocker",no action
2026-08-12T09:35:34+0800,linkedin,LinkedIn unread messages,https://www.linkedin.com/messaging/?filter=unread,daily_reply_check,observed_no_unread,,"Unread filter showed `无unread消息` / `No messages…yet!`; no CAPTCHA, OTP, login prompt, identity verification, restriction, or security warning was visible",no reply sent; monitor genuine inbound replies
2026-08-12T09:35:34+0800,linkedin,Known outreach message threads,https://www.linkedin.com/messaging/,daily_reply_check,observed_no_inbound,,Messaging thread readback showed Ashley Papa latest visible action was the 2026-08-03 outbound crypto-reporting opener; Hu Kenneth latest visible action was the 2026-07-12 acknowledgment; Richard Clarke and Alexander Yan still showed 2026-07-07 outbound follow-ups; no genuine inbound reply visible,no duplicate follow-up; wait for genuine replies
2026-08-12T09:35:34+0800,linkedin,Sent invitations,https://www.linkedin.com/mynetwork/invitation-manager/sent/,invitation_check,observed_five_pending,,"Sent invitations showed members (5): Sami Ul Haq 1 week pending, Saloni Tolia 2 weeks pending, Hannah Jenkins, John Harper, and Patrick Camuso CPA 1 month pending; Ashley Papa absent from sent invites","do not resend, withdraw, or message before acceptance/genuine reply"
2026-08-12T09:35:34+0800,linkedin,Received invitations,https://www.linkedin.com/mynetwork/invitation-manager/received/,invitation_check,observed_none,,Received invitations showed `重点关注 (0 个)` and `您没有新邀请`; recommendations only,no inbound invitation action
2026-08-12T09:35:34+0800,linkedin,LinkedIn notifications,https://www.linkedin.com/notifications/,daily_reply_check,observed_service_request_off_lane,,"Notifications showed 7 new notifications including Lorraine Siador recommendation, Hu Kenneth article, Charles Thuo repost, Andrew LIU invite/game item, job/search analytics notices, and a SignalCraft Labs project-management request alert; no qualified Crypto Asset Reporting/reconciliation inquiry, accepted invite alert, submitted brief, or on-lane message was visible",inspect service requests; do not reply unless on-lane
2026-08-12T09:35:34+0800,linkedin,CAI-Mia JI service request,https://www.linkedin.com/service-marketplace/provider/requests/?serviceVanityName=140373346237789218,company_service_request,blocked_off_lane_solicitation,,"Service request showed project management from Suzhou CAI Machine Group with company size 50-200, team size 50+, skills other, scope other, timing other, and no Crypto Asset Reporting/reconciliation need",escalate/no reply; ignore unless user wants off-lane vendor handling
2026-08-12T09:35:34+0800,linkedin,Deputy General Manager service request,https://www.linkedin.com/service-marketplace/provider/requests/?serviceVanityName=140373346237789218,company_service_request,blocked_off_lane_solicitation,,"Service request showed project management from Dalian, 50 or fewer company size, 5-10 team size, Microsoft Office skills, this-week timing, and a pump/spare-parts/service solicitation with www.corehprt.com; not a SignalCraft crypto reporting/reconciliation request",escalate/no reply; ignore unless user wants off-lane vendor handling
2026-08-12T09:35:34+0800,linkedin,SignalCraft Labs company inbox,https://www.linkedin.com/company/133375131/admin/inbox/,company_page_check,observed_empty,,Company inbox showed `无消息` and `暂时没有消息`,no action
2026-08-12T09:35:34+0800,linkedin,SignalCraft Labs company activity,https://www.linkedin.com/company/133375131/admin/notifications/all/,company_page_check,observed_self_reshare_no_external_reply,,Company activity showed Yang Feng reshared the SignalCraft Labs evidence-flow post 6 days ago and the same post as featured/most-shared; no company inbox item or non-duplicative external reply path was visible,monitor; no duplicate public reply
2026-08-12T09:35:34+0800,linkedin,SignalCraft Labs company dashboard,https://www.linkedin.com/company/133375131/admin/dashboard/,company_page_check,observed_dashboard,,"Admin dashboard showed 1 follower, 5 search analytics, 0 new followers, 43 dynamic impressions, 0 company page visitors, and quick-promote prompts only; no paid promotion was enabled",no paid ads; monitor activity
2026-08-12T09:35:34+0800,linkedin,SignalCraft Labs visitor analytics,https://www.linkedin.com/company/133375131/admin/analytics/visitors/,company_page_check,observed_visitor_analytics,,Visitor analytics page showed date range 2026-07-12 to 2026-08-10; no custom-button click metric was visible in the text readback,no action
2026-08-12T09:35:34+0800,linkedin,LinkedIn account security,https://www.linkedin.com/mypreferences/d/categories/sign-in-and-security,account_check,observed_normal,,"Login and security page loaded normal settings with primary email visible and two-step verification on; no visible restriction, CAPTCHA, OTP, login prompt, or identity-verification blocker",no action
2026-08-13T09:32:55+0800,linkedin,LinkedIn unread messages,https://www.linkedin.com/messaging/?filter=unread,daily_reply_check,observed_no_unread,,"Unread filter showed `无unread消息` / `No messages…yet!`; no CAPTCHA, OTP, login prompt, identity verification, restriction, or security warning was visible",no reply sent; monitor genuine inbound replies
2026-08-13T09:32:55+0800,linkedin,Known outreach message threads,https://www.linkedin.com/messaging/,daily_reply_check,observed_no_inbound,,Messaging thread readback showed Ashley Papa latest visible action was the 2026-08-03 outbound crypto-reporting opener; Hu Kenneth latest visible action was the 2026-07-12 acknowledgment; Richard Clarke and Alexander Yan still showed 2026-07-07 outbound follow-ups; no genuine inbound reply visible,no duplicate follow-up; wait for genuine replies
2026-08-13T09:32:55+0800,linkedin,Sent invitations,https://www.linkedin.com/mynetwork/invitation-manager/sent/,invitation_check,observed_five_pending,,"Sent invitations showed members (5): Sami Ul Haq 1 week pending, Saloni Tolia 3 weeks pending, Hannah Jenkins, John Harper, and Patrick Camuso CPA 1 month pending; Ashley Papa absent from sent invites","do not resend, withdraw, or message before acceptance/genuine reply"
2026-08-13T09:32:55+0800,linkedin,Received invitations,https://www.linkedin.com/mynetwork/invitation-manager/received/,invitation_check,observed_none,,Received invitations showed `重点关注 (0 个)` and `您没有新邀请`; recommendations only,no inbound invitation action
2026-08-13T09:32:55+0800,linkedin,LinkedIn notifications,https://www.linkedin.com/notifications/,daily_reply_check,observed_service_request_off_lane,,"Notifications showed 6 new notifications including ordinary network/content/job items, SignalCraft Labs search analytics, dynamic analytics, follower suggestions, and a SignalCraft Labs project-management request alert from CAI-Mia JI and other clients; no qualified Crypto Asset Reporting/reconciliation inquiry, accepted invite alert, submitted brief, or on-lane message was visible",inspect service requests; do not reply unless on-lane
2026-08-13T09:32:55+0800,linkedin,CAI-Mia JI service request,https://www.linkedin.com/service-marketplace/provider/requests/?serviceVanityName=140373346237789218,company_service_request,blocked_off_lane_solicitation,,"Service request showed project management from Suzhou CAI Machine Group with company size 50-200, team size 50+, skills other, scope other, timing other, and no Crypto Asset Reporting/reconciliation need",escalate/no reply; ignore unless user wants off-lane vendor handling
2026-08-13T09:32:55+0800,linkedin,SignalCraft Labs company inbox,https://www.linkedin.com/company/133375131/admin/inbox/,company_page_check,observed_empty,,Company inbox showed `无消息` and `暂时没有消息`,no action
2026-08-13T09:32:55+0800,linkedin,SignalCraft Labs company activity,https://www.linkedin.com/company/133375131/admin/notifications/all/,company_page_check,observed_self_reshare_no_external_reply,,Company activity showed Yang Feng reshared the SignalCraft Labs evidence-flow post 1 week ago and the same post as featured/most-shared; no company inbox item or non-duplicative external reply path was visible,monitor; no duplicate public reply
2026-08-13T09:32:55+0800,linkedin,SignalCraft Labs company dashboard,https://www.linkedin.com/company/133375131/admin/dashboard/,company_page_check,observed_dashboard,,"Admin dashboard showed 1 follower, 4 search analytics, 0 new followers, 43 dynamic impressions, 0 company page visitors, and quick-promote prompts only; no paid promotion was enabled",no paid ads; monitor activity
2026-08-13T09:32:55+0800,linkedin,SignalCraft Labs visitor analytics,https://www.linkedin.com/company/133375131/admin/analytics/visitors/,company_page_check,observed_visitor_analytics,,Visitor analytics page showed date range 2026-07-13 to 2026-08-11; no custom-button click metric was visible in the text readback,no action
2026-08-13T09:32:55+0800,linkedin,LinkedIn account security,https://www.linkedin.com/mypreferences/d/categories/sign-in-and-security,account_check,observed_normal,,"Login and security page loaded normal settings with primary email visible and two-step verification on; no visible restriction, CAPTCHA, OTP, login prompt, or identity-verification blocker",no action
2026-08-13T10:36:25+0800,linkedin,"Ashley Papa, MBA, CTFA",https://www.linkedin.com/in/ashleypapa/,wealth_advisor,deferred_no_reply_existing_opener,,Profile showed `1 度` and `发消息`; message thread showed only the 2026-08-03 outbound crypto-reporting opener and no inbound reply; no duplicate follow-up sent,wait for genuine reply; do not duplicate follow-up
2026-08-13T10:36:25+0800,linkedin,Sami Ul Haq,https://www.linkedin.com/in/samiulhaq203/,crypto_accounting_reconciliation,deferred_pending_invite,,"Profile showed `待处理` and sent invitations showed Sami pending `1 周前发送` with the prior no-link personalized note visible; no resend, withdrawal, or pre-acceptance message sent",wait for accept or genuine reply; do not resend or withdraw
2026-08-14T16:33:35+0800,linkedin,LinkedIn unread messages,https://www.linkedin.com/messaging/?filter=unread,weekly_operating_review,observed_no_unread,,"Unread filter showed `无unread消息` / `No messages…yet!`; no CAPTCHA, OTP, login prompt, identity verification, restriction, or security warning was visible",no reply sent; monitor genuine inbound replies
2026-08-14T16:33:35+0800,linkedin,Known outreach message threads,https://www.linkedin.com/messaging/,weekly_operating_review,observed_no_inbound,,Messaging showed Ashley Papa latest visible action was the 2026-08-03 outbound crypto-reporting opener; Hu Kenneth latest visible action was the 2026-07-12 acknowledgment; Richard Clarke and Alexander Yan still showed 2026-07-07 outbound follow-ups; no genuine inbound reply visible,no duplicate follow-up; wait for genuine replies
2026-08-14T16:33:35+0800,linkedin,Sent invitations,https://www.linkedin.com/mynetwork/invitation-manager/sent/,weekly_operating_review,observed_five_pending,,"Sent invitations showed members (5): Sami Ul Haq 1 week pending, Saloni Tolia 3 weeks pending, Hannah Jenkins, John Harper, and Patrick Camuso CPA 1 month pending; Ashley Papa absent from sent invites","do not resend, withdraw, or message before acceptance/genuine reply"
2026-08-14T16:33:35+0800,linkedin,Received invitations,https://www.linkedin.com/mynetwork/invitation-manager/received/,weekly_operating_review,observed_none,,Received invitations showed `重点关注 (0 个)` and `您没有新邀请`; recommendations only,no inbound invitation action
2026-08-14T16:33:35+0800,linkedin,LinkedIn notifications,https://www.linkedin.com/notifications/,weekly_operating_review,observed_service_request_off_lane,,"Notifications showed ordinary network/content items, SignalCraft Labs search analytics, post-display analytics, follower suggestions, and a SignalCraft Labs project-management request alert; no qualified Crypto Asset Reporting/reconciliation inquiry, accepted invite alert, submitted brief, or on-lane message was visible",inspect service requests; do not reply unless on-lane
2026-08-14T16:33:35+0800,linkedin,CAI-Mia JI service request,https://www.linkedin.com/service-marketplace/provider/requests/?serviceVanityName=140373346237789218,company_service_request,blocked_off_lane_solicitation,,"Service request showed project management from Suzhou CAI Machine Group with company size 50-200, team size 50+, skills other, scope other, timing other, and no Crypto Asset Reporting/reconciliation need",escalate/no reply; ignore unless user wants off-lane vendor handling
2026-08-14T16:33:35+0800,linkedin,SignalCraft Labs company inbox,https://www.linkedin.com/company/133375131/admin/inbox/,weekly_operating_review,observed_empty,,Company inbox showed `无消息` and `暂时没有消息`,no action
2026-08-14T16:33:35+0800,linkedin,SignalCraft Labs company activity,https://www.linkedin.com/company/133375131/admin/notifications/all/,weekly_operating_review,observed_self_reshare_no_external_reply,,Company activity showed Yang Feng reshared the 2026-08-05 evidence-flow post; no company inbox item or non-duplicative external reply path was visible,monitor; no duplicate public reply
2026-08-14T16:33:35+0800,linkedin,SignalCraft Labs company dashboard,https://www.linkedin.com/company/133375131/admin/dashboard/,weekly_operating_review,observed_dashboard,,"Admin dashboard showed 1 follower, 8 search analytics, 0 new followers, 7 dynamic impressions, 0 company page visitors, and quick-promote prompts only; no paid promotion was enabled",no paid ads; monitor activity
2026-08-14T16:33:35+0800,linkedin,SignalCraft Labs visitor analytics,https://www.linkedin.com/company/133375131/admin/analytics/visitors/,weekly_operating_review,observed_visitor_analytics_limited,,"Visitor analytics loaded for 2026-07-14 to 2026-08-12, but visible text readback did not expose page-view, unique-visitor, or custom-button-click metric values",do not claim hidden landing-page/custom-button click metrics
2026-08-14T16:33:35+0800,linkedin,SignalCraft Labs content analytics,https://www.linkedin.com/company/133375131/admin/analytics/updates/,weekly_operating_review,observed_content_analytics,,"Content analytics for 2026-07-14 to 2026-08-12 showed 171 impressions and 0 ad impressions; 2026-08-05 image post table for 2026-07-30 to 2026-08-13 showed 41 impressions, 0 clicks, 0% CTR, 0 reactions, 0 comments, 1 repost, and 2.44% engagement",record metrics; no paid promotion
2026-08-14T16:33:35+0800,linkedin,LinkedIn account security,https://www.linkedin.com/mypreferences/d/categories/sign-in-and-security,account_check,observed_normal,,"Login and security page loaded normal settings with primary email visible and two-step verification on; no visible restriction, CAPTCHA, OTP, login prompt, or identity-verification blocker",no action
2026-08-15T10:18:00+0800,linkedin,LinkedIn unread messages,https://www.linkedin.com/messaging/?filter=unread,daily_reply_check,observed_no_unread,,Unread filter showed `无unread消息` / `No messages…yet!`; no genuine on-lane inbound reply was visible,monitor; do not send duplicate follow-up
2026-08-15T10:18:00+0800,linkedin,LinkedIn messaging threads,https://www.linkedin.com/messaging/,daily_reply_check,observed_no_on_lane_reply,,Message list showed Ashley Papa latest visible item still the 2026-08-03 outbound crypto-reporting opener; Hu Kenneth still the 2026-07-12 acknowledgment; Richard Clarke and Alexander Yan still the 2026-07-07 outbound follow-ups; no inbound reply or reopened thread visible,wait for genuine reply or accepted-contact signal
2026-08-15T10:18:00+0800,linkedin,"Ashley Papa, MBA, CTFA",https://www.linkedin.com/messaging/,wealth_advisor,observed_accepted_no_reply,,Exact active Ashley thread showed 1st-degree profile and only the 2026-08-03 23:44 outbound opener; no Ashley inbound reply visible,do not duplicate follow-up; wait for reply
2026-08-15T10:18:00+0800,linkedin,LinkedIn sent invitations,https://www.linkedin.com/mynetwork/invitation-manager/sent/,daily_reply_check,observed_pending_invites,,"Sent invitations showed members (5): Sami Ul Haq pending 1 week with invite note visible, Saloni Tolia pending 3 weeks, Hannah Jenkins pending 1 month, John Harper pending 1 month, and Patrick Camuso, CPA pending 1 month","no resend, withdrawal, or pre-acceptance message"
2026-08-15T10:18:00+0800,linkedin,LinkedIn received invitations,https://www.linkedin.com/mynetwork/invitation-manager/received/,daily_reply_check,observed_no_received_invites,,Received invitations showed `重点关注 (0 个)` and `您没有新邀请`; recommendations were ignored and no new connection action was taken,no action
2026-08-15T10:18:00+0800,linkedin,LinkedIn notifications,https://www.linkedin.com/notifications/,daily_reply_check,observed_notifications_no_qualified_inbound,,"Notifications showed Richard Clarke repost/comment activity, a Lukka popular-post engagement suggestion, SignalCraft Labs search analytics, post-display analytics, follower suggestion, and no qualified Crypto Asset Reporting/reconciliation inquiry, accepted invite alert, submitted brief, or on-lane message",monitor; do not reply unless on-lane
2026-08-15T10:18:00+0800,linkedin,SignalCraft Labs company inbox,https://www.linkedin.com/company/133375131/admin/inbox/,daily_reply_check,observed_empty,,Company inbox showed `无消息` and `暂时没有消息`,no action
2026-08-15T10:18:00+0800,linkedin,SignalCraft Labs company activity,https://www.linkedin.com/company/133375131/admin/notifications/all/,daily_reply_check,observed_self_reshare_no_external_reply,,Company activity showed Yang Feng reshared the 2026-08-05 evidence-flow post 1 week ago and featured/most-shared content; no company-page inbox item or non-duplicative external reply path was visible,monitor; no duplicate public reply
2026-08-15T10:18:00+0800,linkedin,SignalCraft Labs company dashboard,https://www.linkedin.com/company/133375131/admin/dashboard/,daily_reply_check,observed_dashboard,,"Admin dashboard showed 1 follower, 6 search analytics, 0 new followers, 2 dynamic impressions, 0 company page visitors, and quick-promote prompts only; no paid promotion was enabled",no paid ads; monitor activity
2026-08-15T10:18:00+0800,linkedin,SignalCraft Labs visitor analytics,https://www.linkedin.com/company/133375131/admin/analytics/visitors/,daily_reply_check,observed_visitor_analytics_limited,,"Visitor analytics loaded for 2026-07-15 to 2026-08-13, but visible text readback did not expose page-view, unique-visitor, or custom-button-click metric values",do not claim hidden landing-page/custom-button click metrics
2026-08-15T10:18:00+0800,linkedin,SignalCraft Labs content analytics,https://www.linkedin.com/company/133375131/admin/analytics/updates/,daily_reply_check,observed_content_analytics,,"Content analytics for 2026-07-15 to 2026-08-13 showed 171 impressions, 0 ad impressions, 0 reactions, 0 comments, and 1 repost; the 2026-08-05 image post table for 2026-07-31 to 2026-08-14 showed 41 impressions, 0 clicks, 0% CTR, 0 reactions, 0 comments, 1 repost, and 2.44% engagement",record metrics; no paid promotion
2026-08-15T10:18:00+0800,linkedin,LinkedIn account security,https://www.linkedin.com/mypreferences/d/categories/sign-in-and-security,account_check,observed_normal,,"Login and security page loaded normal settings with primary email visible and two-step verification on; no visible restriction, CAPTCHA, OTP, login prompt, or identity-verification blocker",no action
2026-08-16T09:34:35+0800,linkedin,LinkedIn unread messages,https://www.linkedin.com/messaging/?filter=unread,daily_reply_check,observed_no_unread,,Unread filter showed `无unread消息` / `No messages…yet!`; no genuine on-lane inbound reply was visible,monitor; do not send duplicate follow-up
2026-08-16T09:34:35+0800,linkedin,LinkedIn messaging threads,https://www.linkedin.com/messaging/,daily_reply_check,observed_no_on_lane_reply,,Message list showed Ashley Papa latest visible item still the 2026-08-03 outbound crypto-reporting opener; Hu Kenneth still the 2026-07-12 acknowledgment; Richard Clarke and Alexander Yan still the 2026-07-07 outbound follow-ups; no inbound reply or reopened thread visible,wait for genuine reply or accepted-contact signal
2026-08-16T09:34:35+0800,linkedin,"Ashley Papa, MBA, CTFA",https://www.linkedin.com/messaging/thread/2-ZGE1M2RmZDYtYjc0Ny00MzE5LThlZDYtNWRhYjk2Y2JiNjNhXzEwMA==/,wealth_advisor,observed_accepted_no_reply,,Exact active Ashley thread showed only the 2026-08-03 outbound opener; no Ashley inbound reply visible,do not duplicate follow-up; wait for reply
2026-08-16T09:34:35+0800,linkedin,LinkedIn sent invitations,https://www.linkedin.com/mynetwork/invitation-manager/sent/,daily_reply_check,observed_pending_invites,,"Sent invitations showed members (5): Sami Ul Haq pending 1 week with invite note visible, Saloni Tolia pending 3 weeks, Hannah Jenkins pending 1 month, John Harper pending 1 month, and Patrick Camuso, CPA pending 2 months","no resend, withdrawal, or pre-acceptance message"
2026-08-16T09:34:35+0800,linkedin,LinkedIn received invitations,https://www.linkedin.com/mynetwork/invitation-manager/received/,daily_reply_check,observed_no_received_invites,,Received invitations showed `重点关注 (0 个)` and `您没有新邀请`; recommendations were ignored and no new connection action was taken,no action
2026-08-16T09:34:35+0800,linkedin,LinkedIn notifications,https://www.linkedin.com/notifications/,daily_reply_check,observed_notifications_no_qualified_inbound,,"Notifications showed ordinary network/content activity including Juliana Chan and Richard Clarke items, with no qualified Crypto Asset Reporting/reconciliation inquiry, accepted invite alert, submitted brief, or on-lane message",monitor; do not reply unless on-lane
2026-08-16T09:34:35+0800,linkedin,SignalCraft Labs company inbox,https://www.linkedin.com/company/133375131/admin/inbox/,daily_reply_check,observed_empty,,Company inbox showed `无消息` and `暂时没有消息`,no action
2026-08-16T09:34:35+0800,linkedin,SignalCraft Labs company activity,https://www.linkedin.com/company/133375131/admin/notifications/all/,daily_reply_check,observed_self_reshare_no_external_reply,,Company activity showed Yang Feng reshared the 2026-08-05 evidence-flow post 1 week ago and featured/most-shared content; no company-page inbox item or non-duplicative external reply path was visible,monitor; no duplicate public reply
2026-08-16T09:34:35+0800,linkedin,SignalCraft Labs company dashboard,https://www.linkedin.com/company/133375131/admin/dashboard/,daily_reply_check,observed_dashboard,,"Admin dashboard showed 1 follower, 9 search analytics, 0 new followers, 1 dynamic impression, 0 company page visitors, and quick-promote prompts only; no paid promotion was enabled",no paid ads; monitor activity
2026-08-16T09:34:35+0800,linkedin,SignalCraft Labs visitor analytics,https://www.linkedin.com/company/133375131/admin/analytics/visitors/,daily_reply_check,observed_visitor_analytics_limited,,"Visitor analytics loaded for 2026-07-16 to 2026-08-14, but visible text readback did not expose page-view, unique-visitor, or custom-button-click metric values",do not claim hidden landing-page/custom-button click metrics
2026-08-16T09:34:35+0800,linkedin,SignalCraft Labs content analytics,https://www.linkedin.com/company/133375131/admin/analytics/updates/,daily_reply_check,observed_content_analytics,,"Content analytics for 2026-07-16 to 2026-08-14 showed 153 impressions, 0 ad impressions, 0 reactions, 0 comments, and 1 repost; the 2026-08-05 image post table for 2026-08-01 to 2026-08-15 showed 41 impressions, 0 clicks, 0% CTR, 0 reactions, 0 comments, 1 repost, and 2.44% engagement",record metrics; no paid promotion
2026-08-16T09:34:35+0800,linkedin,LinkedIn account security,https://www.linkedin.com/mypreferences/d/categories/sign-in-and-security,account_check,observed_normal,,"Login and security page loaded normal settings with two-step verification on; no visible restriction, CAPTCHA, OTP, login prompt, or identity-verification blocker",no action
2026-08-17T09:34:19+0800,linkedin,LinkedIn unread messages,https://www.linkedin.com/messaging/?filter=unread,daily_reply_check,observed_no_unread,,Unread filter showed `无unread消息` / `No messages…yet!`; no genuine on-lane inbound reply was visible,monitor; do not send duplicate follow-up
2026-08-17T09:34:19+0800,linkedin,LinkedIn messaging threads,https://www.linkedin.com/messaging/,daily_reply_check,observed_no_on_lane_reply,,Message list showed Ashley Papa latest visible item still the 2026-08-03 outbound crypto-reporting opener; Hu Kenneth still the 2026-07-12 acknowledgment; Richard Clarke and Alexander Yan still the 2026-07-07 outbound follow-ups; no inbound reply or reopened thread visible,wait for genuine reply or accepted-contact signal
2026-08-17T09:34:19+0800,linkedin,"Ashley Papa, MBA, CTFA",https://www.linkedin.com/messaging/thread/2-ZGE1M2RmZDYtYjc0Ny00MzE5LThlZDYtNWRhYjk2Y2JiNjNhXzEwMA==/,wealth_advisor,observed_accepted_no_reply,,Exact active Ashley thread showed only the 2026-08-03 outbound opener; no Ashley inbound reply visible,do not duplicate follow-up; wait for reply
2026-08-17T09:34:19+0800,linkedin,LinkedIn sent invitations,https://www.linkedin.com/mynetwork/invitation-manager/sent/,daily_reply_check,observed_pending_invites,,"Sent invitations showed members (5): Sami Ul Haq pending 1 week with invite note visible, Saloni Tolia pending 3 weeks, Hannah Jenkins pending 1 month, John Harper pending 1 month, and Patrick Camuso, CPA pending 2 months","no resend, withdrawal, or pre-acceptance message"
2026-08-17T09:34:19+0800,linkedin,LinkedIn received invitations,https://www.linkedin.com/mynetwork/invitation-manager/received/,daily_reply_check,observed_one_received_invite,,"Received invitations showed `重点关注 (1 个)`: Paul Bratby, CEO at xBrat AI Technology Limited Hong Kong; no accept, ignore, or message action was taken",user decision needed before accept/ignore/message
2026-08-17T09:34:19+0800,linkedin,Paul Bratby,https://www.linkedin.com/in/paulbratby/,inbound_adjacent_trading_ai,inbound_invite_pending_decision,,"Profile inspected read-only: 3rd-degree CEO at xBrat AI Technology; trading software, TradingView/NinjaTrader, xBratAI, Bitget, and market-commentary context visible; no clear Crypto Asset Reporting/reconciliation need visible",escalate decision; accept only if user expands lane
2026-08-17T09:34:19+0800,linkedin,LinkedIn notifications,https://www.linkedin.com/notifications/,daily_reply_check,observed_notifications_no_qualified_inbound,,"Notifications showed ordinary activity including Richard Clarke on a rock-music post, Juliana Chan activity, Richard Clarke resharing PropAccount, and a Lukka engagement suggestion; no qualified Crypto Asset Reporting/reconciliation inquiry, accepted invite alert, submitted brief, or on-lane message",monitor; do not reply unless on-lane
2026-08-17T09:34:19+0800,linkedin,SignalCraft Labs company inbox,https://www.linkedin.com/company/133375131/admin/inbox/,daily_reply_check,observed_empty,,Company inbox showed `无消息` and `暂时没有消息`,no action
2026-08-17T09:34:19+0800,linkedin,SignalCraft Labs company activity,https://www.linkedin.com/company/133375131/admin/notifications/all/,daily_reply_check,observed_self_reshare_no_external_reply,,Company activity showed Yang Feng reshared the 2026-08-05 evidence-flow post and the same post as most-shared/featured; no company-page inbox item or non-duplicative external reply path was visible,monitor; no duplicate public reply
2026-08-17T09:34:19+0800,linkedin,SignalCraft Labs company dashboard,https://www.linkedin.com/company/133375131/admin/dashboard/,daily_reply_check,observed_dashboard,,"Admin dashboard showed 1 follower, 9 search analytics, 0 new followers, 1 dynamic impression, 0 company page visitors, and quick-promote prompts only; no paid promotion was enabled",no paid ads; monitor activity
2026-08-17T09:34:19+0800,linkedin,SignalCraft Labs visitor analytics,https://www.linkedin.com/company/133375131/admin/analytics/visitors/,daily_reply_check,observed_visitor_analytics_limited,,"Visitor analytics loaded for 2026-07-17 to 2026-08-15, but visible text readback did not expose page-view, unique-visitor, or custom-button-click metric values",do not claim hidden landing-page/custom-button click metrics
2026-08-17T09:34:19+0800,linkedin,SignalCraft Labs content analytics,https://www.linkedin.com/company/133375131/admin/analytics/updates/,daily_reply_check,observed_content_analytics,,"Content analytics for 2026-07-17 to 2026-08-15 showed 134 impressions, 0 ad impressions, 0 reactions, 0 comments, and 1 repost; the 2026-08-05 image post table for 2026-08-02 to 2026-08-16 showed 41 impressions, 0 clicks, 0% CTR, 0 reactions, 0 comments, 1 repost, and 2.44% engagement",record metrics; no paid promotion
2026-08-17T09:34:19+0800,linkedin,LinkedIn account security,https://www.linkedin.com/mypreferences/d/categories/sign-in-and-security,account_check,observed_normal,,"Login and security page loaded normal settings with two-step verification on; no visible restriction, CAPTCHA, OTP, login prompt, or identity-verification blocker",no action
2026-08-18T09:34:53+0800,linkedin,LinkedIn unread messages,https://www.linkedin.com/messaging/?filter=unread,daily_reply_check,observed_no_unread,,Unread messages showed `无unread消息` and `No messages…yet!`; no unread conversation or genuine inbound reply visible,monitor exact threads before any reply
2026-08-18T09:34:53+0800,linkedin,LinkedIn messaging threads,https://www.linkedin.com/messaging/,daily_reply_check,observed_no_on_lane_reply,,Message list showed Ashley Papa latest visible item still the 2026-08-03 outbound crypto-reporting opener; Hu Kenneth still the 2026-07-12 acknowledgment; Richard Clarke and Alexander Yan still the 2026-07-07 outbound follow-ups; no inbound reply or reopened thread visible,wait for genuine reply or accepted-contact signal
2026-08-18T09:34:53+0800,linkedin,"Ashley Papa, MBA, CTFA",https://www.linkedin.com/messaging/thread/2-ZGE1M2RmZDYtYjc0Ny00MzE5LThlZDYtNWRhYjk2Y2JiNjNhXzEwMA==/,wealth_advisor,observed_accepted_no_reply,,Exact active Ashley thread showed only the 2026-08-03 outbound opener; no Ashley inbound reply visible,do not duplicate follow-up; wait for reply
2026-08-18T09:34:53+0800,linkedin,LinkedIn sent invitations,https://www.linkedin.com/mynetwork/invitation-manager/sent/,daily_reply_check,observed_pending_invites,,"Sent invitations showed members (5): Sami Ul Haq pending 1 week with invite note visible, Saloni Tolia pending 3 weeks, Hannah Jenkins pending 1 month, John Harper pending 1 month, and Patrick Camuso, CPA pending 2 months","no resend, withdrawal, or pre-acceptance message"
2026-08-18T09:34:53+0800,linkedin,LinkedIn received invitations,https://www.linkedin.com/mynetwork/invitation-manager/received/,daily_reply_check,observed_one_received_invite,,"Received invitations still showed `重点关注 (1 个)`: Paul Bratby, CEO at xBrat AI Technology Limited Hong Kong; no accept, ignore, or message action was taken",user decision needed before accept/ignore/message
2026-08-18T09:34:53+0800,linkedin,Paul Bratby,https://www.linkedin.com/in/paulbratby/,inbound_adjacent_trading_ai,inbound_invite_pending_decision,,"Profile inspected read-only again: 3rd-degree CEO at xBrat AI Technology; trading software, TradingView/NinjaTrader, trader education, xBratAI, Bitget, and market-commentary context visible; no clear Crypto Asset Reporting/reconciliation need visible",escalate decision; accept only if user expands lane
2026-08-18T09:34:53+0800,linkedin,LinkedIn notifications,https://www.linkedin.com/notifications/,daily_reply_check,observed_notifications_no_qualified_inbound,,"Notifications showed ordinary activity from Juliana Chan, Andrew LIU, Hu Kenneth, Richard Clarke, a job report, a Lukka engagement suggestion, and Yueqi Yang follower suggestion; no qualified Crypto Asset Reporting/reconciliation inquiry, accepted invite alert, submitted brief, or on-lane message",monitor; do not reply unless on-lane
2026-08-18T09:34:53+0800,linkedin,SignalCraft Labs company inbox,https://www.linkedin.com/company/133375131/admin/inbox/,daily_reply_check,observed_empty,,Company inbox showed `无消息` and `暂时没有消息`,no action
2026-08-18T09:34:53+0800,linkedin,SignalCraft Labs company activity,https://www.linkedin.com/company/133375131/admin/notifications/all/,daily_reply_check,observed_self_reshare_no_external_reply,,Company activity showed Yang Feng reshared the 2026-08-05 evidence-flow post and the same post as most-shared/featured; no company-page inbox item or non-duplicative external reply path was visible,monitor; no duplicate public reply
2026-08-18T09:34:53+0800,linkedin,SignalCraft Labs company dashboard,https://www.linkedin.com/company/133375131/admin/dashboard/,daily_reply_check,observed_dashboard,,"Admin dashboard showed 1 follower, 7 search analytics, 0 new followers, 0 dynamic impressions, 0 company page visitors, and quick-promote prompts only; no paid promotion was enabled",no paid ads; monitor activity
2026-08-18T09:34:53+0800,linkedin,SignalCraft Labs visitor analytics,https://www.linkedin.com/company/133375131/admin/analytics/visitors/,daily_reply_check,observed_visitor_analytics_limited,,"Visitor analytics loaded for 2026-07-18 to 2026-08-16, but visible text readback did not expose page-view, unique-visitor, or custom-button-click metric values",do not claim hidden landing-page/custom-button click metrics
2026-08-18T09:34:53+0800,linkedin,SignalCraft Labs content analytics,https://www.linkedin.com/company/133375131/admin/analytics/updates/,daily_reply_check,observed_content_analytics,,"Content analytics for 2026-07-18 to 2026-08-16 showed 114 organic impressions, 0 ad impressions, 0 reactions, 0 comments, and 1 repost; the 2026-08-05 image post table for 2026-08-03 to 2026-08-17 showed 41 impressions, 0 clicks, 0% CTR, 0 reactions, 0 comments, 1 repost, and 2.44% engagement",record metrics; no paid promotion
2026-08-18T09:34:53+0800,linkedin,LinkedIn account security,https://www.linkedin.com/mypreferences/d/categories/sign-in-and-security,account_check,observed_normal,,"Login and security page loaded normal settings with two-step verification on; no visible restriction, CAPTCHA, OTP, login prompt, or identity-verification blocker",no action
2026-08-18T10:33:35+0800,linkedin,"Ashley Papa, MBA, CTFA",https://www.linkedin.com/in/ashleypapa/,wealth_advisor,controlled_deferred_no_reply_existing_opener,,Profile live in Chrome showed 1st-degree SVP Client Services at Black Swift Group with prior Digital Wealth Partners and M3 Family Office context; exact messaging thread showed only the 2026-08-03 23:44 outbound crypto-reporting opener and no inbound reply,wait for genuine Ashley reply; do not send duplicate follow-up
2026-08-18T10:33:35+0800,linkedin,Sami Ul Haq,https://www.linkedin.com/in/samiulhaq203/,crypto_accounting_reconciliation,controlled_deferred_pending_invite,,"Profile live in Chrome showed 2nd-degree Crypto Accountant / Blockchain Financial Reporting & Reconciliation fit and pending state; sent invitations showed member count 5, Sami sent 1 week ago with prior no-link note visible","wait for accept; do not resend, withdraw, or message before acceptance/genuine reply"
2026-08-19T09:40:38+0800,linkedin,LinkedIn messages,https://www.linkedin.com/messaging/,daily_reply_check,observed_no_unread_no_qualified_reply,,"Unread messages showed `无unread消息`; exact Ashley Papa thread showed only the 2026-08-03 23:44 outbound crypto-reporting opener and no inbound reply; Hu, Richard, and Alexander latest visible items remained prior outbound/acknowledgment rows",no reply sent; monitor exact threads only
2026-08-19T09:40:38+0800,linkedin,"Ashley Papa, MBA, CTFA",https://www.linkedin.com/in/ashleypapa/,wealth_advisor,observed_no_reply_existing_opener,,Exact active messaging thread showed only the account's 2026-08-03 23:44 outbound crypto-reporting opener and no inbound reply,wait for genuine Ashley reply; do not duplicate follow-up
2026-08-19T09:40:38+0800,linkedin,LinkedIn sent invitations,https://www.linkedin.com/mynetwork/invitation-manager/sent/,daily_reply_check,observed_pending_invites,,"Sent invitations showed members (5): Sami Ul Haq pending 2 weeks with invite note visible, Saloni Tolia pending 3 weeks, Hannah Jenkins pending 1 month, John Harper pending 1 month, and Patrick Camuso, CPA pending 2 months","no resend, withdrawal, or pre-acceptance message"
2026-08-19T09:40:38+0800,linkedin,LinkedIn received invitations,https://www.linkedin.com/mynetwork/invitation-manager/received/,daily_reply_check,observed_one_received_invite,,"Received invitations still showed `重点关注 (1 个)`: Paul Bratby, CEO at xBrat AI Technology Limited Hong Kong; no accept, ignore, or message action was taken",user decision needed before accept/ignore/message
2026-08-19T09:40:38+0800,linkedin,Paul Bratby,https://www.linkedin.com/in/paulbratby/,inbound_adjacent_trading_ai,inbound_invite_pending_decision,,"Profile inspected read-only again: 3rd-degree CEO at xBrat AI Technology / xBrat AI Technologies Limited with accept/ignore controls and website link visible; trading-software context, no clear Crypto Asset Reporting/reconciliation need visible",escalate decision; accept only if user expands lane
2026-08-19T09:40:38+0800,linkedin,LinkedIn notifications,https://www.linkedin.com/notifications/,daily_reply_check,observed_notifications_no_qualified_inbound,,"Notifications showed ordinary activity including Joe Ianni suggestion, James Ross post, Richard Clarke PropAccount repost, Andrew LIU game/activity, Juliana Chan activity, Andrew LIU comment, Hu Kenneth repost, and jobs report; no qualified Crypto Asset Reporting/reconciliation inquiry, accepted invite alert, submitted Brief, or on-lane message",monitor; do not reply unless on-lane
2026-08-19T09:40:38+0800,linkedin,SignalCraft Labs company inbox,https://www.linkedin.com/company/133375131/admin/inbox/,daily_reply_check,observed_empty,,Company inbox showed `无消息` and `暂时没有消息`,no action
2026-08-19T09:40:38+0800,linkedin,SignalCraft Labs company activity,https://www.linkedin.com/company/133375131/admin/notifications/all/,daily_reply_check,observed_self_reshare_no_external_reply,,Company activity showed Yang Feng reshared the 2026-08-05 evidence-flow post and the same post as top shared/featured; no company-page inbox item or non-duplicative external reply path was visible,monitor; no duplicate public reply
2026-08-19T09:40:38+0800,linkedin,SignalCraft Labs company dashboard,https://www.linkedin.com/company/133375131/admin/dashboard/,daily_reply_check,observed_dashboard,,"Admin dashboard showed 1 follower, 7 search analytics, 0 new followers, 0 dynamic impressions, 0 company page visitors, and quick-promote prompts only; no paid promotion was enabled",no paid ads; monitor activity
2026-08-19T09:40:38+0800,linkedin,SignalCraft Labs content analytics,https://www.linkedin.com/company/133375131/admin/analytics/updates/,daily_reply_check,observed_content_analytics,,"Content analytics for 2026-07-19 to 2026-08-17 showed 100 organic impressions, 0 ad impressions, 0 reactions, 0 comments, and 1 repost; the 2026-08-05 image post table for 2026-08-04 to 2026-08-18 showed 41 impressions, 0 clicks, 0% CTR, 0 reactions, 0 comments, 1 repost, and 2.44% engagement",record metrics; no paid promotion
2026-08-19T09:40:38+0800,linkedin,LinkedIn account security,https://www.linkedin.com/mypreferences/d/categories/sign-in-and-security,account_check,observed_normal,,"Login and security page loaded normal settings with primary email visible and two-step verification on; no visible restriction, CAPTCHA, OTP, login prompt, or identity-verification blocker",no action
2026-08-20T09:36:11+0800,linkedin,LinkedIn unread messages,https://www.linkedin.com/messaging/?filter=unread,daily_reply_check,observed_none,,Unread filter showed `无unread消息` / `No messages...yet!`; no genuine inbound reply was visible,no action
2026-08-20T09:36:11+0800,linkedin,"Ashley Papa, MBA, CTFA",https://www.linkedin.com/in/ashleypapa/,wealth_advisor,observed_no_reply,,Exact active messaging thread showed only the account outbound 2026-08-03 23:44 crypto-reporting opener and no inbound reply,wait for genuine reply; no duplicate follow-up
2026-08-20T09:36:11+0800,linkedin,Alexander Yan,https://www.linkedin.com/in/alexander-yan-64766b227/,broker_api,observed_no_reply,,Messaging list showed the 2026-07-07 outbound follow-up as latest visible item with no unread indicator,wait for reply or submitted Brief
2026-08-20T09:36:11+0800,linkedin,Richard Clarke,https://www.linkedin.com/in/clarkerichard/,broker_api,observed_no_reply,,Messaging list showed the 2026-07-07 outbound follow-up as latest visible item with no unread indicator; notifications were ordinary repost/activity only,wait for reply or submitted Brief
2026-08-20T09:36:11+0800,linkedin,Hu Kenneth,https://www.linkedin.com/in/hukenneth/,crypto_asset_reporting,observed_closed,,Messaging list still showed only the 2026-07-12 acknowledgment as latest visible action; no reopen or inbound reply was visible,closed unqualified; no further outreach unless Hu reopens thread
2026-08-20T09:36:11+0800,linkedin,LinkedIn sent invitations,https://www.linkedin.com/mynetwork/invitation-manager/sent/,daily_reply_check,observed_pending,,"Sent invitations showed `会员 (5)`: Sami Ul Haq pending 2 weeks with note visible, Saloni Tolia pending 1 month, Hannah Jenkins and John Harper pending 1 month, and Patrick Camuso, CPA pending 2 months","wait for accept; do not resend, withdraw, or message before acceptance/genuine reply"
2026-08-20T09:36:11+0800,linkedin,Paul Bratby,https://www.linkedin.com/in/paulbratby/,inbound_adjacent_trading_ai,inbound_invite_pending_decision,,"Received invitations still showed `重点关注 (1 个)` with Paul Bratby accept/ignore controls. Profile showed 3rd-degree xBrat AI/trading software, TradingView/NinjaTrader, Bitget, market commentary, and performance/trading-signal context; no clear Crypto Asset Reporting/reconciliation need was visible",user decision: accept only if expanding beyond Crypto Asset Reporting/reconciliation lane; otherwise ignore/no action
2026-08-20T09:36:11+0800,linkedin,LinkedIn notifications,https://www.linkedin.com/notifications/,account_check,observed_no_qualified_inbound,,"Notifications showed ordinary network/content activity including Wolfgang Rueckerl, Hu Kenneth repost, SignalCraft Labs search analytics, The Network Firm engagement suggestion, Richard Clarke/SignalCraft suggestion, job alert, Joe Ianni suggestion, and Richard Clarke repost; no qualified Crypto Asset Reporting/reconciliation inquiry, accepted-invite alert, submitted Brief, or on-lane message was visible",no action
2026-08-20T09:36:11+0800,linkedin,SignalCraft Labs company inbox,https://www.linkedin.com/company/133375131/admin/inbox/,company_page_check,observed_empty,,Company inbox showed `无消息` / `暂时没有消息`; no company-page message was available,no action
2026-08-20T09:36:11+0800,linkedin,SignalCraft Labs company activity,https://www.linkedin.com/company/133375131/admin/notifications/all/,company_page_check,observed_no_new_action,,Company activity showed Yang Feng reshared the 2026-08-05 evidence-flow post and the same post as most-shared/featured; quick-promote prompt only; no non-duplicative company reply path was visible,no public reply; no paid promotion
2026-08-20T09:36:11+0800,linkedin,SignalCraft Labs company dashboard,https://www.linkedin.com/company/133375131/admin/dashboard/,daily_reply_check,observed_dashboard,,"Admin dashboard showed 1 follower, 7 search analytics, 0 new followers, 0 dynamic impressions, 0 company page visitors, and quick-promote prompts only; no paid promotion was enabled",no paid ads; monitor activity
2026-08-20T09:36:11+0800,linkedin,SignalCraft Labs content analytics,https://www.linkedin.com/company/133375131/admin/analytics/updates/,daily_reply_check,observed_content_analytics,,"Content analytics for 2026-07-20 to 2026-08-18 showed 90 organic impressions, 0 ad impressions, 0 reactions, 0 comments, and 1 repost; content table for 2026-08-05 to 2026-08-19 showed no dynamic rows in the selected range",record metrics; no paid promotion
2026-08-20T09:36:11+0800,linkedin,SignalCraft Labs visitor analytics,https://www.linkedin.com/company/133375131/admin/analytics/visitors/,daily_reply_check,observed_visitor_analytics_limited,,"Visitor analytics loaded for 2026-07-20 to 2026-08-18 but visible text did not expose page-view, unique-visitor, or custom-button-click values",do not fabricate visitor metrics
2026-08-20T09:36:11+0800,linkedin,LinkedIn account security,https://www.linkedin.com/mypreferences/d/categories/sign-in-and-security,account_check,observed_normal,,"Login and security page loaded normal settings with primary email visible and two-step verification on; no visible restriction, CAPTCHA, OTP, login prompt, or identity-verification blocker",no action
2026-08-20T10:32:27+0800,linkedin,"Ashley Papa, MBA, CTFA",https://www.linkedin.com/in/ashleypapa/,wealth_advisor,controlled_deferred_no_reply_existing_opener,,Profile showed 1st-degree SVP Client Services at Black Swift Group with prior Digital Wealth Partners/M3 Family Office fit; exact message thread showed only the 2026-08-03 23:44 outbound crypto asset reporting/reconciliation opener and no inbound reply,wait for genuine reply; do not duplicate follow-up
2026-08-20T10:32:27+0800,linkedin,Sami Ul Haq,https://www.linkedin.com/in/samiulhaq203/,crypto_accounting_reconciliation,controlled_deferred_pending_invite,,"Profile showed 2nd-degree Crypto Accountant / Blockchain Financial Reporting & Reconciliation fit with wallet, exchange, DeFi, CSV/API and tax reporting context; profile showed `待处理`; sent invitations showed `会员 (5)`, Sami pending 2 weeks, and the prior no-link note visible","wait for accept; do not resend, withdraw, or message before acceptance/genuine reply"
2026-08-21T09:34:45+0800,linkedin,LinkedIn unread messages,https://www.linkedin.com/messaging/?filter=unread,daily_reply_check,observed_none,,Unread filter showed `无unread消息` / `No messages...yet!`; no genuine inbound reply was visible,no action
2026-08-21T09:34:45+0800,linkedin,"Ashley Papa, MBA, CTFA",https://www.linkedin.com/in/ashleypapa/,wealth_advisor,observed_no_reply,,Exact active messaging thread showed only the account outbound 2026-08-03 23:44 crypto-reporting opener and no inbound reply,wait for genuine reply; no duplicate follow-up
2026-08-21T09:34:45+0800,linkedin,Alexander Yan,https://www.linkedin.com/in/alexander-yan-64766b227/,broker_api,observed_no_reply,,Messaging list showed the 2026-07-07 outbound follow-up as latest visible item with no unread indicator,wait for reply or submitted Brief
2026-08-21T09:34:45+0800,linkedin,Richard Clarke,https://www.linkedin.com/in/clarkerichard/,broker_api,observed_no_reply,,Messaging list showed the 2026-07-07 outbound follow-up as latest visible item with no unread indicator; notification was ordinary repost/activity only,wait for reply or submitted Brief
2026-08-21T09:34:45+0800,linkedin,Hu Kenneth,https://www.linkedin.com/in/hukenneth/,crypto_asset_reporting,observed_closed,,Messaging list still showed only the 2026-07-12 acknowledgment as latest visible action; no reopen or inbound reply was visible,closed unqualified; no further outreach unless Hu reopens thread
2026-08-21T09:34:45+0800,linkedin,LinkedIn sent invitations,https://www.linkedin.com/mynetwork/invitation-manager/sent/,daily_reply_check,observed_pending,,"Sent invitations showed `会员 (5)`: Sami Ul Haq pending 2 weeks with note visible, Saloni Tolia pending 1 month, Hannah Jenkins and John Harper pending 1 month, and Patrick Camuso, CPA pending 2 months","wait for accept; do not resend, withdraw, or message before acceptance/genuine reply"
2026-08-21T09:34:45+0800,linkedin,Paul Bratby,https://www.linkedin.com/in/paulbratby/,inbound_adjacent_trading_ai,inbound_invite_pending_decision,,"Received invitations still showed `重点关注 (1 个)` with Paul Bratby accept/ignore controls. Profile showed 3rd-degree xBrat AI/trading software, TradingView/NinjaTrader, Bitget, trading education, market commentary, and performance/trading-signal context; no clear Crypto Asset Reporting/reconciliation need was visible",user decision: accept only if expanding beyond Crypto Asset Reporting/reconciliation lane; otherwise ignore/no action
2026-08-21T09:34:45+0800,linkedin,LinkedIn notifications,https://www.linkedin.com/notifications/,account_check,observed_no_qualified_inbound,,"Notifications showed ordinary network/content activity including Richard Clarke repost, profile/search visibility, Wolfgang Rueckerl post, Hu Kenneth repost, SignalCraft Labs search analytics, and The Network Firm engagement suggestions; no qualified Crypto Asset Reporting/reconciliation inquiry, accepted-invite alert, submitted Brief, or on-lane message was visible",no action
2026-08-21T09:34:45+0800,linkedin,SignalCraft Labs company inbox,https://www.linkedin.com/company/133375131/admin/inbox/,company_page_check,observed_empty,,Company inbox showed `无消息` / `暂时没有消息`; no company-page message was available,no action
2026-08-21T09:34:45+0800,linkedin,SignalCraft Labs company activity,https://www.linkedin.com/company/133375131/admin/notifications/all/,company_page_check,observed_no_new_action,,Company activity showed Yang Feng reshared the 2026-08-05 evidence-flow post and the same post as most-shared/featured; quick-promote prompt only; no non-duplicative company reply path was visible,no public reply; no paid promotion
2026-08-21T09:34:45+0800,linkedin,SignalCraft Labs company dashboard,https://www.linkedin.com/company/133375131/admin/dashboard/,daily_reply_check,observed_dashboard,,"Admin dashboard showed 1 follower, 3 search analytics, 0 new followers, 0 dynamic impressions, 0 company page visitors, and quick-promote prompts only; no paid promotion was enabled",no paid ads; monitor activity
2026-08-21T09:34:45+0800,linkedin,SignalCraft Labs content analytics,https://www.linkedin.com/company/133375131/admin/analytics/updates/,daily_reply_check,observed_content_analytics,,"Content analytics for 2026-07-21 to 2026-08-19 showed 62 organic impressions, 0 ad impressions, 0 reactions, 0 comments, and 1 repost; content engagement table for 2026-08-06 to 2026-08-20 showed no dynamic rows",record metrics; no paid promotion
2026-08-21T09:34:45+0800,linkedin,SignalCraft Labs visitor analytics,https://www.linkedin.com/company/133375131/admin/analytics/visitors/,daily_reply_check,observed_visitor_analytics_limited,,"Visitor analytics loaded for 2026-07-21 to 2026-08-19 but visible text did not expose page-view, unique-visitor, or custom-button-click values",do not fabricate visitor metrics
2026-08-21T09:34:45+0800,linkedin,LinkedIn account security,https://www.linkedin.com/mypreferences/d/categories/sign-in-and-security,account_check,observed_normal,,"Login and security page loaded normal settings with primary email visible and two-step verification on; no visible restriction, CAPTCHA, OTP, login prompt, or identity-verification blocker",no action
2026-08-21T16:33:52+0800,linkedin,LinkedIn unread messages,https://www.linkedin.com/messaging/?filter=unread,weekly_operating_review,observed_no_unread,,Unread filter showed `无unread消息` and `No messages…yet!`; no unread or genuine inbound reply visible,no reply sent; continue exact-thread monitoring
2026-08-21T16:33:52+0800,linkedin,LinkedIn messaging threads,https://www.linkedin.com/messaging/,weekly_operating_review,observed_no_on_lane_reply,,Message list/exact Ashley thread showed only the 2026-08-03 23:44 outbound Ashley opener; Hu remained the 2026-07-12 acknowledgment; Richard Clarke and Alexander Yan remained 2026-07-07 outbound follow-ups,wait for genuine reply or submitted Brief; do not duplicate follow-up
2026-08-21T16:33:52+0800,linkedin,LinkedIn sent invitations,https://www.linkedin.com/mynetwork/invitation-manager/sent/,weekly_operating_review,observed_pending_invites,,"Sent invitations showed members (5): Sami Ul Haq pending 2 weeks, Saloni Tolia pending 1 month, Hannah Jenkins pending 1 month, John Harper pending 1 month, Patrick Camuso CPA pending 2 months; invite notes visible where LinkedIn exposed them","no resend, withdrawal, generic invite, or pre-acceptance message"
2026-08-21T16:33:52+0800,linkedin,LinkedIn received invitations,https://www.linkedin.com/mynetwork/invitation-manager/received/,weekly_operating_review,observed_one_received_invite,,"Received invitations showed `重点关注 (1 个)`: Paul Bratby, CEO at xBrat AI Technology Limited Hong Kong, with accept/ignore controls visible; no clear Crypto Asset Reporting/reconciliation need visible",user decision needed before accept/ignore/message; keep lane closed
2026-08-21T16:33:52+0800,linkedin,LinkedIn notifications,https://www.linkedin.com/notifications/,weekly_operating_review,observed_no_qualified_inbound,,"Notifications showed ordinary network/content activity including Charles Thuo, Richard Clarke, Wolfgang Rückerl, Hu Kenneth, SignalCraft search analytics, The Network Firm suggestion, and potential followers; no qualified inquiry, accepted-invite alert, submitted Brief, or on-lane message",monitor; no public reply or paid action
2026-08-21T16:33:52+0800,linkedin,SignalCraft Labs company inbox,https://www.linkedin.com/company/133375131/admin/inbox/,weekly_operating_review,observed_empty,,Company inbox showed `无消息` and `暂时没有消息`,no action
2026-08-21T16:33:52+0800,linkedin,SignalCraft Labs company activity,https://www.linkedin.com/company/133375131/admin/notifications/all/,weekly_operating_review,observed_self_reshare_no_external_reply,,"Company activity showed Yang Feng reshared the company dynamic, one repost on the 2026-08-05 post, and quick-promote prompts only; no external company message or reply path visible",no duplicate public reply; no paid promotion
2026-08-21T16:33:52+0800,linkedin,SignalCraft Labs company dashboard,https://www.linkedin.com/company/133375131/admin/dashboard/,weekly_operating_review,observed_dashboard,,"Dashboard showed 1 follower, 3 search analytics, 0 new followers, 0 update impressions, and 0 company page visitors in the visible near-term panel; quick-promote prompts were present but no paid promotion was enabled",no paid ads; monitor
2026-08-21T16:33:52+0800,linkedin,SignalCraft Labs visitor analytics,https://www.linkedin.com/company/133375131/admin/analytics/visitors/,weekly_operating_review,observed_visitor_analytics_limited,,"Visitor analytics loaded for 2026-07-21 to 2026-08-19 but text readback exposed only invited/familiar profile prompts, not page-view, unique-visitor, or custom-button-click values",do not claim hidden landing-page/custom-button clicks
2026-08-21T16:33:52+0800,linkedin,SignalCraft Labs content analytics,https://www.linkedin.com/company/133375131/admin/analytics/updates/,weekly_operating_review,observed_content_analytics,,"Content analytics for 2026-07-21 to 2026-08-19 showed 62 impressions, 0 reactions, 0 comments, and 1 repost; content engagement table for 2026-08-06 to 2026-08-20 showed no rows; no ad impressions or paid promotion were enabled",record metrics; no paid promotion
2026-08-21T16:33:52+0800,linkedin,LinkedIn account security,https://www.linkedin.com/mypreferences/d/categories/sign-in-and-security,weekly_operating_review,observed_normal,,"Login and security page loaded normal settings with two-step verification visible; no CAPTCHA, OTP, login prompt, identity-verification interstitial, account restriction, security warning, or paid-spend blocker was visible",no action
2026-08-22T09:33:08+0800,linkedin,LinkedIn messages,https://www.linkedin.com/messaging/,account_check,observed_no_qualified_reply,,Messaging list and Ashley exact thread showed only the 2026-08-03 23:44 outbound crypto-reporting opener; Hu showed only the 2026-07-12 acknowledgment; Richard Clarke and Alexander Yan showed only 2026-07-07 outbound follow-ups; no unread or genuine on-lane reply was visible,wait for genuine Crypto Asset Reporting/reconciliation reply; no duplicate follow-up
2026-08-22T09:33:08+0800,linkedin,"Ashley Papa, MBA, CTFA",https://www.linkedin.com/in/ashleypapa/,wealth_advisor,observed_no_reply,,Exact active messaging thread showed only Yang Feng's 2026-08-03 23:44 crypto asset reporting/reconciliation opener and no inbound reply,wait for reply; do not send duplicate follow-up
2026-08-22T09:33:08+0800,linkedin,LinkedIn sent invitations,https://www.linkedin.com/mynetwork/invitation-manager/sent/,account_check,observed_five_pending,,"Sent invitations showed member count 5: Sami Ul Haq pending 2 weeks with the no-link crypto accounting/reconciliation note visible, Saloni Tolia pending 1 month, Hannah Jenkins and John Harper pending 1 month, and Patrick Camuso CPA pending 2 months","wait for accept; no resend, withdrawal, generic invite, or pre-acceptance message"
2026-08-22T09:33:08+0800,linkedin,Paul Bratby,https://www.linkedin.com/in/paulbratby/,inbound_invite,inbound_invite_pending_decision,,"Received invitations still showed Paul Bratby with accept/ignore controls; profile recheck showed xBrat AI trading software, TradingView/NinjaTrader, Bitget partnership, trader education, day-trading posts, signals/performance content, and no clear Crypto Asset Reporting/reconciliation need",user decision needed before accept/ignore/message; keep pending
2026-08-22T09:33:08+0800,linkedin,LinkedIn notifications,https://www.linkedin.com/notifications/,account_check,observed_no_qualified_inbound,,"Notifications showed ordinary content/network activity including Richard Clarke comments/reposts, Charles Thuo repost, profile visibility, Hu Kenneth repost, SignalCraft Labs search analytics, and The Network Firm engagement suggestion; no accepted-invite alert, submitted Brief, or on-lane inquiry visible",no action
2026-08-22T09:33:08+0800,linkedin,SignalCraft Labs company inbox,https://www.linkedin.com/company/133375131/admin/inbox/,company_page_check,observed_empty,,Company inbox showed no messages / temporarily no messages,monitor inbox; no reply
2026-08-22T09:33:08+0800,linkedin,SignalCraft Labs company activity,https://www.linkedin.com/company/133375131/admin/notifications/all/,company_page_check,observed_self_reshare_no_external_reply,,Company activity showed Yang Feng reshared the 2026-08-05 evidence-flow post and the same post as top shared/featured with quick-promote prompts only; no external company inbox item or non-duplicative reply path visible,no duplicate public reply; no paid promotion
2026-08-22T09:33:08+0800,linkedin,SignalCraft Labs company dashboard,https://www.linkedin.com/company/133375131/admin/dashboard/,company_page_check,observed_dashboard,,"Dashboard showed 1 follower, 4 search analytics, 0 new followers, 0 dynamic impressions, and 0 company page visitors in the visible near-term panel; quick-promote prompts were present but no paid promotion was enabled",no paid ads; monitor
2026-08-22T09:33:08+0800,linkedin,SignalCraft Labs content analytics,https://www.linkedin.com/company/133375131/admin/analytics/updates/,company_page_check,observed_content_analytics,,"Content analytics for 2026-07-22 to 2026-08-20 showed 45 organic impressions, 0 ad impressions, 0 reactions, 0 comments, and 1 repost; content engagement table for 2026-08-07 to 2026-08-21 showed no rows",record metrics; no paid promotion
2026-08-22T09:33:08+0800,linkedin,SignalCraft Labs visitor analytics,https://www.linkedin.com/company/133375131/admin/analytics/visitors/,company_page_check,observed_visitor_analytics_limited,,"Visitor analytics loaded for 2026-07-22 to 2026-08-20 but text readback exposed invitation prompts rather than page-view, unique-visitor, or custom-button-click values",do not claim hidden landing-page/custom-button clicks
2026-08-22T09:33:08+0800,linkedin,LinkedIn account security,https://www.linkedin.com/mypreferences/d/categories/sign-in-and-security,account_check,observed_normal,,"Login and security page loaded normal settings with account access options and two-step verification on; no CAPTCHA, OTP, identity-verification interstitial, account restriction, or security warning was visible",no action
